00000000.jpg,"['Monocyte', 'Erythroblast', 'Lymphocyte', 'Eosinophil', 'Basophil', 'Monocyte']"
00000001.jpg,"['Erythroblast', 'Neutrophil', 'IG', 'Lymphocyte', 'Eosinophil']"
00000002.jpg,"['Erythroblast', 'Monocyte', 'Platelets', 'Eosinophil', 'Basophil', 'Lymphocyte']"
00000003.jpg,"['Eosinophil', 'Monocyte', 'Erythroblast', 'Monocyte', 'Erythroblast']"
00000004.jpg,"['Neutrophil', 'Platelets', 'IG']"
00000005.jpg,"['Monocyte', 'Monocyte', 'Neutrophil']"
00000006.jpg,"['Neutrophil', 'Platelets', 'Basophil', 'Eosinophil', 'Platelets']"
00000007.jpg,"['Eosinophil', 'Erythroblast', 'Erythroblast', 'Lymphocyte', 'Platelets']"
00000008.jpg,"['Lymphocyte', 'IG', 'Platelets', 'Erythroblast', 'Erythroblast', 'Lymphocyte']"
00000009.jpg,"['Erythroblast', 'Lymphocyte', 'Platelets', 'Basophil', 'Neutrophil', 'Lymphocyte']"
00000010.jpg,"['Erythroblast', 'Eosinophil', 'IG', 'Neutrophil', 'Neutrophil', 'Platelets']"
00000011.jpg,"['Erythroblast', 'Platelets', 'Erythroblast', 'Basophil', 'IG']"
00000012.jpg,"['Erythroblast', 'Erythroblast', 'IG']"
00000013.jpg,"['Neutrophil', 'Basophil', 'Neutrophil', 'Lymphocyte']"
00000014.jpg,"['Monocyte', 'IG', 'IG', 'Platelets']"
00000015.jpg,"['Platelets', 'Lymphocyte', 'Eosinophil', 'IG']"
00000016.jpg,"['IG', 'Monocyte', 'Eosinophil', 'Eosinophil', 'Erythroblast', 'Basophil']"
00000017.jpg,"['Neutrophil', 'Eosinophil', 'Basophil']"
00000018.jpg,"['IG', 'IG', 'Lymphocyte', 'IG', 'Basophil']"
00000019.jpg,"['IG', 'Basophil', 'Eosinophil', 'Monocyte']"
00000020.jpg,"['Neutrophil', 'Basophil', 'Basophil', 'Monocyte', 'Platelets', 'IG']"
00000021.jpg,"['Monocyte', 'Erythroblast', 'Neutrophil']"
00000022.jpg,"['Basophil', 'Erythroblast', 'Basophil', 'Monocyte', 'Eosinophil', 'Basophil']"
00000023.jpg,"['Neutrophil', 'Platelets', 'Platelets']"
00000024.jpg,"['IG', 'Platelets', 'Erythroblast']"
00000025.jpg,"['IG', 'Monocyte', 'Platelets']"
00000026.jpg,"['Eosinophil', 'Platelets', 'IG', 'Platelets']"
00000027.jpg,"['Neutrophil', 'Eosinophil', 'IG', 'IG', 'Basophil']"
00000028.jpg,"['Basophil', 'Platelets', 'Platelets', 'Lymphocyte', 'Lymphocyte']"
00000029.jpg,"['IG', 'Eosinophil', 'Eosinophil', 'Neutrophil', 'Monocyte']"
00000030.jpg,"['Lymphocyte', 'Basophil', 'IG']"
00000031.jpg,"['Basophil', 'Lymphocyte', 'Neutrophil']"
00000032.jpg,"['Erythroblast', 'Basophil', 'Erythroblast']"
00000033.jpg,"['Eosinophil', 'Neutrophil', 'Lymphocyte', 'IG', 'Eosinophil', 'Eosinophil']"
00000034.jpg,"['Neutrophil', 'Erythroblast', 'Eosinophil', 'Platelets', 'Eosinophil', 'Basophil']"
00000035.jpg,"['Neutrophil', 'Erythroblast', 'Erythroblast', 'Eosinophil']"
00000036.jpg,"['Eosinophil', 'Neutrophil', 'Lymphocyte', 'Platelets', 'Lymphocyte']"
00000037.jpg,"['Eosinophil', 'Lymphocyte', 'Platelets', 'Basophil', 'IG']"
00000038.jpg,"['Platelets', 'Monocyte', 'Platelets', 'Platelets', 'Monocyte']"
00000039.jpg,"['IG', 'Neutrophil', 'IG', 'Erythroblast', 'Platelets', 'Neutrophil']"
00000040.jpg,"['Monocyte', 'IG', 'Erythroblast']"
00000041.jpg,"['Erythroblast', 'IG', 'Eosinophil', 'Basophil', 'Erythroblast', 'Erythroblast']"
00000042.jpg,"['Monocyte', 'Platelets', 'Basophil']"
00000043.jpg,"['Erythroblast', 'Lymphocyte', 'Erythroblast']"
00000044.jpg,"['Neutrophil', 'Eosinophil', 'Erythroblast', 'Lymphocyte', 'Platelets']"
00000045.jpg,"['Erythroblast', 'Platelets', 'Platelets']"
00000046.jpg,"['Erythroblast', 'Neutrophil', 'Monocyte']"
00000047.jpg,"['Basophil', 'Basophil', 'Erythroblast', 'Eosinophil']"
00000048.jpg,"['IG', 'Basophil', 'Platelets', 'IG']"
00000049.jpg,"['Neutrophil', 'Basophil', 'Eosinophil', 'Monocyte', 'Monocyte', 'Lymphocyte']"
00000050.jpg,"['Platelets', 'Neutrophil', 'Erythroblast']"
00000051.jpg,"['Lymphocyte', 'Erythroblast', 'Lymphocyte', 'Lymphocyte']"
00000052.jpg,"['Erythroblast', 'Monocyte', 'Monocyte', 'Basophil', 'Monocyte', 'Platelets']"
00000053.jpg,"['Neutrophil', 'Monocyte', 'Eosinophil', 'Platelets', 'Platelets', 'Monocyte']"
00000054.jpg,"['IG', 'Neutrophil', 'Neutrophil']"
00000055.jpg,"['Lymphocyte', 'Platelets', 'Eosinophil', 'Neutrophil', 'Platelets']"
00000056.jpg,"['Eosinophil', 'IG', 'Eosinophil', 'Neutrophil']"
00000057.jpg,"['Platelets', 'Platelets', 'Basophil']"
00000058.jpg,"['IG', 'Monocyte', 'Erythroblast', 'Lymphocyte', 'Basophil']"
00000059.jpg,"['Basophil', 'Platelets', 'Erythroblast']"
00000060.jpg,"['Basophil', 'Neutrophil', 'Neutrophil', 'IG', 'Monocyte']"
00000061.jpg,"['Neutrophil', 'Erythroblast', 'Basophil']"
00000062.jpg,"['Platelets', 'Erythroblast', 'IG', 'IG']"
00000063.jpg,"['Platelets', 'Basophil', 'Platelets']"
00000064.jpg,"['Neutrophil', 'Platelets', 'Basophil', 'Erythroblast']"
00000065.jpg,"['Platelets', 'IG', 'Erythroblast', 'Platelets', 'Platelets', 'Lymphocyte']"
00000066.jpg,"['Erythroblast', 'Erythroblast', 'Platelets', 'Erythroblast']"
00000067.jpg,"['Platelets', 'Monocyte', 'Basophil', 'Lymphocyte', 'Lymphocyte', 'Monocyte']"
00000068.jpg,"['Monocyte', 'Neutrophil', 'Neutrophil', 'Platelets']"
00000069.jpg,"['Eosinophil', 'Neutrophil', 'IG']"
00000070.jpg,"['IG', 'Platelets', 'Lymphocyte', 'Basophil']"
00000071.jpg,"['IG', 'IG', 'IG', 'Lymphocyte', 'IG', 'Eosinophil']"
00000072.jpg,"['IG', 'Erythroblast', 'Neutrophil', 'Neutrophil', 'Monocyte', 'Platelets']"
00000073.jpg,"['Neutrophil', 'Lymphocyte', 'Eosinophil', 'Neutrophil', 'Eosinophil']"
00000074.jpg,"['Monocyte', 'Lymphocyte', 'Erythroblast', 'Platelets', 'Platelets', 'Eosinophil']"
00000075.jpg,"['IG', 'Basophil', 'Lymphocyte']"
00000076.jpg,"['Monocyte', 'Monocyte', 'Neutrophil']"
00000077.jpg,"['Erythroblast', 'Platelets', 'Basophil', 'Eosinophil', 'Eosinophil', 'Erythroblast']"
00000078.jpg,"['Basophil', 'Platelets', 'Eosinophil', 'Erythroblast']"
00000079.jpg,"['Erythroblast', 'Neutrophil', 'IG', 'Basophil', 'Erythroblast', 'IG']"
00000080.jpg,"['Platelets', 'Basophil', 'Platelets', 'Basophil', 'IG', 'Neutrophil']"
00000081.jpg,"['Neutrophil', 'Lymphocyte', 'IG', 'Eosinophil', 'Lymphocyte', 'Lymphocyte']"
00000082.jpg,"['Platelets', 'Erythroblast', 'IG', 'Eosinophil']"
00000083.jpg,"['Platelets', 'Basophil', 'Erythroblast', 'Eosinophil', 'Eosinophil', 'Erythroblast']"
00000084.jpg,"['Lymphocyte', 'Eosinophil', 'Monocyte', 'Neutrophil', 'Monocyte']"
00000085.jpg,"['IG', 'IG', 'Lymphocyte', 'Monocyte', 'Monocyte', 'Erythroblast']"
00000086.jpg,"['IG', 'Neutrophil', 'Lymphocyte', 'Neutrophil', 'Erythroblast', 'Eosinophil']"
00000087.jpg,"['Eosinophil', 'Monocyte', 'Eosinophil', 'Monocyte']"
00000088.jpg,"['IG', 'IG', 'Basophil', 'Eosinophil', 'Neutrophil', 'Neutrophil']"
00000089.jpg,"['Lymphocyte', 'Lymphocyte', 'IG', 'Erythroblast', 'Basophil']"
00000090.jpg,"['Basophil', 'Basophil', 'IG', 'Platelets', 'Eosinophil', 'Platelets']"
00000091.jpg,"['Monocyte', 'Monocyte', 'Platelets', 'Lymphocyte', 'Platelets', 'Basophil']"
00000092.jpg,"['IG', 'Monocyte', 'Lymphocyte', 'Neutrophil', 'Eosinophil']"
00000093.jpg,"['IG', 'Neutrophil', 'Basophil', 'Basophil', 'Lymphocyte']"
00000094.jpg,"['Lymphocyte', 'Lymphocyte', 'Eosinophil', 'Monocyte', 'Lymphocyte', 'Monocyte']"
00000095.jpg,"['IG', 'Neutrophil', 'Erythroblast', 'IG', 'Lymphocyte']"
00000096.jpg,"['Neutrophil', 'IG', 'Monocyte']"
00000097.jpg,"['Platelets', 'Neutrophil', 'Eosinophil', 'Neutrophil', 'Erythroblast', 'Basophil']"
00000098.jpg,"['Lymphocyte', 'Monocyte', 'Neutrophil']"
00000099.jpg,"['Monocyte', 'Erythroblast', 'Eosinophil', 'Monocyte']"
00000100.jpg,"['Eosinophil', 'Erythroblast', 'IG', 'Monocyte', 'Lymphocyte', 'Erythroblast']"
00000101.jpg,"['IG', 'Neutrophil', 'Erythroblast', 'Basophil']"
00000102.jpg,"['Lymphocyte', 'Basophil', 'Erythroblast']"
00000103.jpg,"['Lymphocyte', 'Eosinophil', 'Platelets']"
00000104.jpg,"['Monocyte', 'Monocyte', 'Eosinophil']"
00000105.jpg,"['Erythroblast', 'IG', 'Basophil']"
00000106.jpg,"['Platelets', 'Erythroblast', 'Eosinophil', 'Basophil', 'IG', 'IG']"
00000107.jpg,"['IG', 'Lymphocyte', 'Monocyte']"
00000108.jpg,"['Erythroblast', 'Basophil', 'Erythroblast', 'Erythroblast']"
00000109.jpg,"['Eosinophil', 'Basophil', 'IG', 'Erythroblast', 'Eosinophil', 'Monocyte']"
00000110.jpg,"['Eosinophil', 'Erythroblast', 'Platelets', 'Monocyte', 'Eosinophil']"
00000111.jpg,"['IG', 'Lymphocyte', 'Erythroblast', 'Erythroblast', 'Basophil']"
00000112.jpg,"['Erythroblast', 'IG', 'Basophil']"
00000113.jpg,"['Basophil', 'Basophil', 'Lymphocyte', 'Neutrophil', 'Monocyte']"
00000114.jpg,"['Erythroblast', 'Eosinophil', 'Neutrophil', 'Monocyte']"
00000115.jpg,"['Erythroblast', 'Platelets', 'Basophil', 'Neutrophil']"
00000116.jpg,"['Erythroblast', 'Basophil', 'Lymphocyte', 'Platelets']"
00000117.jpg,"['Platelets', 'Eosinophil', 'Eosinophil', 'Basophil', 'Erythroblast', 'Monocyte']"
00000118.jpg,"['Lymphocyte', 'Neutrophil', 'Eosinophil', 'Eosinophil', 'Monocyte', 'IG']"
00000119.jpg,"['Eosinophil', 'Eosinophil', 'Platelets']"
00000120.jpg,"['Monocyte', 'Platelets', 'Monocyte', 'Lymphocyte']"
00000121.jpg,"['Lymphocyte', 'Neutrophil', 'Basophil', 'Monocyte', 'IG']"
00000122.jpg,"['Neutrophil', 'Platelets', 'Erythroblast', 'IG', 'Platelets', 'Platelets']"
00000123.jpg,"['IG', 'Platelets', 'Erythroblast', 'Lymphocyte', 'Basophil', 'Platelets']"
00000124.jpg,"['Eosinophil', 'IG', 'Erythroblast', 'IG']"
00000125.jpg,"['Monocyte', 'Platelets', 'Lymphocyte', 'Neutrophil', 'Neutrophil']"
00000126.jpg,"['Erythroblast', 'Monocyte', 'Eosinophil', 'Monocyte', 'Lymphocyte']"
00000127.jpg,"['Eosinophil', 'Platelets', 'IG', 'Neutrophil', 'Erythroblast', 'Monocyte']"
00000128.jpg,"['Lymphocyte', 'Eosinophil', 'Monocyte']"
00000129.jpg,"['Basophil', 'Neutrophil', 'Basophil', 'Basophil']"
00000130.jpg,"['Eosinophil', 'Neutrophil', 'Erythroblast', 'Monocyte', 'Basophil']"
00000131.jpg,"['Neutrophil', 'Neutrophil', 'Platelets', 'IG']"
00000132.jpg,"['IG', 'IG', 'Basophil', 'Basophil']"
00000133.jpg,"['Monocyte', 'Lymphocyte', 'Neutrophil', 'Neutrophil', 'Basophil', 'Eosinophil']"
00000134.jpg,"['Neutrophil', 'Eosinophil', 'Lymphocyte', 'Eosinophil', 'Erythroblast']"
00000135.jpg,"['Eosinophil', 'Erythroblast', 'Basophil', 'Erythroblast', 'Lymphocyte']"
00000136.jpg,"['Basophil', 'Basophil', 'Platelets', 'Eosinophil', 'IG', 'Erythroblast']"
00000137.jpg,"['Basophil', 'Basophil', 'IG', 'Basophil', 'Neutrophil']"
00000138.jpg,"['Neutrophil', 'Erythroblast', 'Neutrophil', 'Erythroblast', 'Platelets', 'Lymphocyte']"
00000139.jpg,"['Erythroblast', 'Platelets', 'Monocyte', 'IG', 'Neutrophil', 'Monocyte']"
00000140.jpg,"['Erythroblast', 'Neutrophil', 'Neutrophil', 'Erythroblast', 'Eosinophil']"
00000141.jpg,"['IG', 'Monocyte', 'Lymphocyte', 'Lymphocyte']"
00000142.jpg,"['Monocyte', 'Basophil', 'IG']"
00000143.jpg,"['Basophil', 'Basophil', 'Lymphocyte', 'Platelets', 'Eosinophil']"
00000144.jpg,"['Lymphocyte', 'Platelets', 'Monocyte']"
00000145.jpg,"['Lymphocyte', 'Monocyte', 'Monocyte', 'IG', 'Platelets']"
00000146.jpg,"['Platelets', 'Monocyte', 'Neutrophil']"
00000147.jpg,"['Erythroblast', 'Neutrophil', 'Lymphocyte']"
00000148.jpg,"['Erythroblast', 'Eosinophil', 'Neutrophil']"
00000149.jpg,"['Eosinophil', 'Platelets', 'Lymphocyte']"
00000150.jpg,"['Platelets', 'IG', 'Basophil', 'Neutrophil', 'Lymphocyte', 'IG']"
00000151.jpg,"['Eosinophil', 'Neutrophil', 'Neutrophil', 'Basophil']"
00000152.jpg,"['Lymphocyte', 'Eosinophil', 'IG', 'Basophil']"
00000153.jpg,"['Basophil', 'Eosinophil', 'Monocyte', 'IG']"
00000154.jpg,"['Monocyte', 'Basophil', 'Basophil', 'Eosinophil', 'IG']"
00000155.jpg,"['Monocyte', 'Eosinophil', 'Neutrophil', 'Basophil', 'IG']"
00000156.jpg,"['Monocyte', 'Neutrophil', 'Basophil', 'Eosinophil', 'Eosinophil']"
00000157.jpg,"['Neutrophil', 'Lymphocyte', 'Eosinophil', 'Platelets', 'Lymphocyte', 'IG']"
00000158.jpg,"['IG', 'Erythroblast', 'Basophil']"
00000159.jpg,"['Platelets', 'Monocyte', 'Erythroblast', 'Basophil', 'Monocyte', 'Monocyte']"
00000160.jpg,"['Lymphocyte', 'Basophil', 'Neutrophil', 'Basophil']"
00000161.jpg,"['Platelets', 'Basophil', 'IG', 'Platelets', 'Monocyte']"
00000162.jpg,"['Lymphocyte', 'Neutrophil', 'IG']"
00000163.jpg,"['Erythroblast', 'Neutrophil', 'Erythroblast', 'Basophil']"
00000164.jpg,"['Basophil', 'Monocyte', 'Neutrophil', 'Neutrophil']"
00000165.jpg,"['Erythroblast', 'Neutrophil', 'Basophil']"
00000166.jpg,"['Basophil', 'Erythroblast', 'Platelets', 'Eosinophil']"
00000167.jpg,"['Neutrophil', 'Monocyte', 'Eosinophil', 'Eosinophil', 'Neutrophil', 'Neutrophil']"
00000168.jpg,"['Neutrophil', 'Lymphocyte', 'Neutrophil', 'Erythroblast']"
00000169.jpg,"['Neutrophil', 'Platelets', 'Monocyte']"
00000170.jpg,"['Platelets', 'Lymphocyte', 'Platelets']"
00000171.jpg,"['Basophil', 'Erythroblast', 'Neutrophil']"
00000172.jpg,"['Erythroblast', 'Platelets', 'Platelets', 'Monocyte']"
00000173.jpg,"['Monocyte', 'Neutrophil', 'Platelets', 'Neutrophil', 'Basophil']"
00000174.jpg,"['Lymphocyte', 'Lymphocyte', 'Platelets', 'Monocyte', 'Basophil']"
00000175.jpg,"['Lymphocyte', 'Monocyte', 'Basophil', 'IG']"
00000176.jpg,"['Eosinophil', 'Erythroblast', 'Basophil']"
00000177.jpg,"['Basophil', 'Basophil', 'Erythroblast', 'Eosinophil', 'Monocyte']"
00000178.jpg,"['Platelets', 'Basophil', 'Eosinophil', 'Basophil']"
00000179.jpg,"['Erythroblast', 'Basophil', 'Basophil']"
00000180.jpg,"['Lymphocyte', 'Neutrophil', 'Eosinophil']"
00000181.jpg,"['Platelets', 'Neutrophil', 'IG']"
00000182.jpg,"['Erythroblast', 'Erythroblast', 'Basophil', 'Neutrophil', 'Eosinophil', 'Lymphocyte']"
00000183.jpg,"['Neutrophil', 'Erythroblast', 'Lymphocyte']"
00000184.jpg,"['Monocyte', 'Erythroblast', 'IG', 'Lymphocyte', 'Neutrophil']"
00000185.jpg,"['Platelets', 'Lymphocyte', 'Neutrophil', 'Eosinophil', 'Monocyte', 'Neutrophil']"
00000186.jpg,"['Basophil', 'Monocyte', 'Monocyte', 'Erythroblast']"
00000187.jpg,"['Erythroblast', 'Neutrophil', 'Neutrophil']"
00000188.jpg,"['Platelets', 'IG', 'Monocyte', 'Basophil', 'Platelets']"
00000189.jpg,"['Platelets', 'Lymphocyte', 'Monocyte', 'Monocyte', 'IG', 'Monocyte']"
00000190.jpg,"['IG', 'Erythroblast', 'Basophil']"
00000191.jpg,"['Lymphocyte', 'IG', 'Erythroblast', 'Lymphocyte', 'Lymphocyte']"
00000192.jpg,"['Eosinophil', 'Erythroblast', 'Monocyte', 'Erythroblast', 'Basophil']"
00000193.jpg,"['Basophil', 'Erythroblast', 'Neutrophil']"
00000194.jpg,"['Basophil', 'Erythroblast', 'Platelets', 'Erythroblast', 'Monocyte']"
00000195.jpg,"['IG', 'IG', 'IG', 'Monocyte']"
00000196.jpg,"['Neutrophil', 'Platelets', 'Neutrophil', 'Neutrophil', 'Erythroblast']"
00000197.jpg,"['Lymphocyte', 'Lymphocyte', 'Monocyte', 'Erythroblast']"
00000198.jpg,"['Platelets', 'Platelets', 'Monocyte', 'IG', 'Basophil']"
00000199.jpg,"['Neutrophil', 'IG', 'Neutrophil']"
00000200.jpg,"['Basophil', 'Monocyte', 'Monocyte']"
00000201.jpg,"['IG', 'Eosinophil', 'Erythroblast', 'Lymphocyte', 'Lymphocyte', 'Neutrophil']"
00000202.jpg,"['Platelets', 'Platelets', 'Basophil', 'Neutrophil', 'Lymphocyte']"
00000203.jpg,"['Lymphocyte', 'Platelets', 'Erythroblast', 'Neutrophil', 'Basophil']"
00000204.jpg,"['Monocyte', 'Platelets', 'Erythroblast']"
00000205.jpg,"['IG', 'IG', 'Eosinophil', 'Erythroblast', 'IG', 'Basophil']"
00000206.jpg,"['Neutrophil', 'Eosinophil', 'Lymphocyte', 'Neutrophil', 'Platelets', 'Eosinophil']"
00000207.jpg,"['Basophil', 'Basophil', 'Erythroblast', 'Monocyte', 'Erythroblast']"
00000208.jpg,"['IG', 'Erythroblast', 'Neutrophil']"
00000209.jpg,"['IG', 'Neutrophil', 'Eosinophil', 'Neutrophil']"
00000210.jpg,"['Platelets', 'Erythroblast', 'IG']"
00000211.jpg,"['Monocyte', 'Platelets', 'Lymphocyte']"
00000212.jpg,"['IG', 'IG', 'IG', 'Lymphocyte']"
00000213.jpg,"['Lymphocyte', 'Eosinophil', 'IG', 'Neutrophil', 'IG', 'IG']"
00000214.jpg,"['Monocyte', 'Platelets', 'Lymphocyte', 'Basophil', 'Erythroblast']"
00000215.jpg,"['Platelets', 'Eosinophil', 'Neutrophil', 'Erythroblast']"
00000216.jpg,"['Platelets', 'IG', 'Platelets', 'Erythroblast']"
00000217.jpg,"['Neutrophil', 'Neutrophil', 'Eosinophil', 'Platelets', 'Platelets']"
00000218.jpg,"['Erythroblast', 'IG', 'Neutrophil', 'Neutrophil', 'Lymphocyte']"
00000219.jpg,"['Monocyte', 'IG', 'Eosinophil', 'Erythroblast', 'Lymphocyte', 'Erythroblast']"
00000220.jpg,"['Lymphocyte', 'Platelets', 'Neutrophil']"
00000221.jpg,"['IG', 'IG', 'Erythroblast']"
00000222.jpg,"['Eosinophil', 'Eosinophil', 'Neutrophil', 'Monocyte', 'Neutrophil', 'Basophil']"
00000223.jpg,"['Erythroblast', 'Erythroblast', 'Lymphocyte', 'Erythroblast']"
00000224.jpg,"['Monocyte', 'Lymphocyte', 'Erythroblast']"
00000225.jpg,"['Erythroblast', 'Eosinophil', 'Basophil', 'Erythroblast', 'IG', 'Eosinophil']"
00000226.jpg,"['Neutrophil', 'Basophil', 'Basophil', 'Neutrophil']"
00000227.jpg,"['Eosinophil', 'Lymphocyte', 'Monocyte']"
00000228.jpg,"['Basophil', 'Platelets', 'Lymphocyte']"
00000229.jpg,"['Neutrophil', 'Neutrophil', 'Erythroblast']"
00000230.jpg,"['Lymphocyte', 'IG', 'Platelets', 'Neutrophil', 'IG']"
00000231.jpg,"['Eosinophil', 'Platelets', 'Monocyte']"
00000232.jpg,"['IG', 'Monocyte', 'Neutrophil', 'IG', 'Neutrophil']"
00000233.jpg,"['IG', 'IG', 'IG', 'Lymphocyte', 'Neutrophil', 'Lymphocyte']"
00000234.jpg,"['Eosinophil', 'Erythroblast', 'Platelets']"
00000235.jpg,"['Lymphocyte', 'IG', 'Eosinophil']"
00000236.jpg,"['Lymphocyte', 'Platelets', 'Erythroblast', 'Erythroblast', 'Basophil', 'IG']"
00000237.jpg,"['Erythroblast', 'Eosinophil', 'Eosinophil', 'Basophil', 'Platelets']"
00000238.jpg,"['Basophil', 'Monocyte', 'Eosinophil']"
00000239.jpg,"['Eosinophil', 'Eosinophil', 'Lymphocyte', 'Erythroblast']"
00000240.jpg,"['Monocyte', 'Neutrophil', 'Neutrophil', 'IG']"
00000241.jpg,"['Monocyte', 'Lymphocyte', 'Platelets']"
00000242.jpg,"['Monocyte', 'Basophil', 'Eosinophil', 'Monocyte']"
00000243.jpg,"['Eosinophil', 'IG', 'Platelets', 'Neutrophil', 'Eosinophil', 'Platelets']"
00000244.jpg,"['Eosinophil', 'Eosinophil', 'Lymphocyte']"
00000245.jpg,"['Lymphocyte', 'IG', 'Eosinophil', 'Platelets', 'Eosinophil']"
00000246.jpg,"['Neutrophil', 'Erythroblast', 'Neutrophil']"
00000247.jpg,"['Eosinophil', 'Monocyte', 'Platelets', 'Neutrophil', 'Lymphocyte']"
00000248.jpg,"['Erythroblast', 'Lymphocyte', 'Monocyte', 'Erythroblast', 'Erythroblast']"
00000249.jpg,"['Basophil', 'Monocyte', 'IG']"
00000250.jpg,"['Monocyte', 'Basophil', 'Lymphocyte', 'Basophil', 'Monocyte', 'Basophil']"
00000251.jpg,"['Lymphocyte', 'IG', 'IG', 'Monocyte', 'Eosinophil', 'Lymphocyte']"
00000252.jpg,"['Basophil', 'Erythroblast', 'IG', 'Platelets']"
00000253.jpg,"['Neutrophil', 'Lymphocyte', 'Eosinophil', 'IG', 'Lymphocyte', 'Basophil']"
00000254.jpg,"['Basophil', 'Erythroblast', 'Erythroblast', 'Platelets', 'Platelets']"
00000255.jpg,"['Platelets', 'Erythroblast', 'Platelets', 'Erythroblast', 'Erythroblast']"
00000256.jpg,"['Lymphocyte', 'Basophil', 'Eosinophil', 'IG', 'Eosinophil']"
00000257.jpg,"['Lymphocyte', 'Lymphocyte', 'Basophil', 'Eosinophil', 'Platelets', 'IG']"
00000258.jpg,"['Platelets', 'IG', 'Erythroblast']"
00000259.jpg,"['Platelets', 'Basophil', 'Eosinophil']"
00000260.jpg,"['Neutrophil', 'Platelets', 'Neutrophil', 'IG']"
00000261.jpg,"['Basophil', 'Monocyte', 'IG']"
00000262.jpg,"['Lymphocyte', 'Erythroblast', 'IG', 'Erythroblast', 'Erythroblast', 'Erythroblast']"
00000263.jpg,"['Neutrophil', 'IG', 'Neutrophil', 'Basophil', 'Platelets']"
00000264.jpg,"['IG', 'Eosinophil', 'Eosinophil', 'Eosinophil']"
00000265.jpg,"['IG', 'IG', 'Basophil', 'Eosinophil', 'Eosinophil']"
00000266.jpg,"['Eosinophil', 'Basophil', 'Platelets', 'Platelets', 'IG', 'Monocyte']"
00000267.jpg,"['Platelets', 'IG', 'Eosinophil']"
00000268.jpg,"['Neutrophil', 'Monocyte', 'Platelets', 'Lymphocyte']"
00000269.jpg,"['Basophil', 'Eosinophil', 'Lymphocyte']"
00000270.jpg,"['Eosinophil', 'Platelets', 'Eosinophil', 'Platelets', 'Eosinophil', 'Platelets']"
00000271.jpg,"['Basophil', 'Monocyte', 'Neutrophil']"
00000272.jpg,"['Erythroblast', 'Basophil', 'Platelets', 'Basophil', 'Erythroblast', 'Lymphocyte']"
00000273.jpg,"['Lymphocyte', 'Neutrophil', 'Lymphocyte', 'Lymphocyte']"
00000274.jpg,"['Lymphocyte', 'Eosinophil', 'Lymphocyte', 'Platelets']"
00000275.jpg,"['Platelets', 'Basophil', 'Platelets']"
00000276.jpg,"['Eosinophil', 'Lymphocyte', 'Lymphocyte', 'Basophil', 'Monocyte', 'Monocyte']"
00000277.jpg,"['Eosinophil', 'IG', 'Neutrophil']"
00000278.jpg,"['Monocyte', 'Monocyte', 'Monocyte', 'Monocyte', 'Monocyte']"
00000279.jpg,"['Erythroblast', 'Platelets', 'Neutrophil', 'Eosinophil', 'Erythroblast']"
00000280.jpg,"['Neutrophil', 'Monocyte', 'Basophil', 'Eosinophil', 'Platelets']"
00000281.jpg,"['Eosinophil', 'Platelets', 'Platelets', 'Erythroblast', 'Lymphocyte']"
00000282.jpg,"['Basophil', 'IG', 'Neutrophil', 'Monocyte', 'Basophil']"
00000283.jpg,"['IG', 'Erythroblast', 'IG', 'Neutrophil', 'Erythroblast']"
00000284.jpg,"['Basophil', 'IG', 'Basophil', 'Platelets', 'Monocyte', 'IG']"
00000285.jpg,"['Basophil', 'Basophil', 'Neutrophil']"
00000286.jpg,"['Eosinophil', 'Basophil', 'Neutrophil', 'Basophil', 'Eosinophil']"
00000287.jpg,"['Platelets', 'Erythroblast', 'Platelets', 'Lymphocyte', 'Eosinophil', 'Erythroblast']"
00000288.jpg,"['Monocyte', 'Neutrophil', 'Basophil', 'Neutrophil', 'Lymphocyte', 'Neutrophil']"
00000289.jpg,"['Monocyte', 'Lymphocyte', 'Neutrophil', 'Neutrophil', 'Lymphocyte']"
00000290.jpg,"['Erythroblast', 'Basophil', 'IG']"
00000291.jpg,"['Neutrophil', 'Basophil', 'Neutrophil', 'Lymphocyte', 'Neutrophil', 'Neutrophil']"
00000292.jpg,"['Neutrophil', 'Lymphocyte', 'Lymphocyte', 'Eosinophil']"
00000293.jpg,"['Erythroblast', 'Eosinophil', 'Neutrophil']"
00000294.jpg,"['IG', 'Basophil', 'Basophil', 'Basophil', 'IG']"
00000295.jpg,"['Platelets', 'IG', 'Lymphocyte', 'IG', 'Eosinophil']"
00000296.jpg,"['Lymphocyte', 'Eosinophil', 'Erythroblast', 'Neutrophil', 'Neutrophil']"
00000297.jpg,"['Lymphocyte', 'Erythroblast', 'Erythroblast', 'Lymphocyte']"
00000298.jpg,"['Eosinophil', 'Lymphocyte', 'Eosinophil']"
00000299.jpg,"['IG', 'Erythroblast', 'Monocyte', 'Monocyte', 'Eosinophil', 'Erythroblast']"
00000300.jpg,"['Neutrophil', 'Platelets', 'Lymphocyte']"
00000301.jpg,"['Platelets', 'Eosinophil', 'IG']"
00000302.jpg,"['Neutrophil', 'Eosinophil', 'Platelets', 'Basophil', 'Neutrophil', 'Platelets']"
00000303.jpg,"['IG', 'Neutrophil', 'Platelets']"
00000304.jpg,"['Eosinophil', 'Neutrophil', 'Lymphocyte', 'Neutrophil', 'IG', 'Erythroblast']"
00000305.jpg,"['Lymphocyte', 'Platelets', 'Lymphocyte', 'Monocyte']"
00000306.jpg,"['Platelets', 'Erythroblast', 'Platelets', 'Eosinophil', 'Eosinophil']"
00000307.jpg,"['Neutrophil', 'Basophil', 'Basophil']"
00000308.jpg,"['IG', 'Monocyte', 'Erythroblast', 'Erythroblast', 'IG']"
00000309.jpg,"['Basophil', 'Eosinophil', 'Neutrophil', 'Erythroblast']"
00000310.jpg,"['IG', 'Neutrophil', 'Eosinophil']"
00000311.jpg,"['Lymphocyte', 'Basophil', 'Erythroblast', 'Lymphocyte', 'Erythroblast', 'Monocyte']"
00000312.jpg,"['Lymphocyte', 'Monocyte', 'Lymphocyte']"
00000313.jpg,"['Basophil', 'Erythroblast', 'Erythroblast', 'Monocyte', 'Erythroblast', 'Platelets']"
00000314.jpg,"['Lymphocyte', 'Eosinophil', 'Basophil', 'Eosinophil']"
00000315.jpg,"['Erythroblast', 'Erythroblast', 'IG', 'Erythroblast', 'Monocyte', 'Platelets']"
00000316.jpg,"['Platelets', 'Platelets', 'Lymphocyte']"
00000317.jpg,"['Basophil', 'Platelets', 'Neutrophil', 'Platelets', 'IG']"
00000318.jpg,"['Erythroblast', 'Monocyte', 'Neutrophil', 'Platelets', 'Monocyte']"
00000319.jpg,"['Platelets', 'Eosinophil', 'Platelets', 'Monocyte', 'Basophil']"
00000320.jpg,"['Lymphocyte', 'Platelets', 'Eosinophil', 'Eosinophil']"
00000321.jpg,"['Lymphocyte', 'Neutrophil', 'Erythroblast', 'IG']"
00000322.jpg,"['IG', 'Neutrophil', 'Basophil']"
00000323.jpg,"['Neutrophil', 'Monocyte', 'Basophil', 'Platelets', 'Neutrophil']"
00000324.jpg,"['Monocyte', 'Platelets', 'IG']"
00000325.jpg,"['IG', 'Monocyte', 'IG', 'Monocyte']"
00000326.jpg,"['Platelets', 'Neutrophil', 'Monocyte', 'Neutrophil']"
00000327.jpg,"['Monocyte', 'Neutrophil', 'Basophil', 'Eosinophil', 'Erythroblast', 'Platelets']"
00000328.jpg,"['Erythroblast', 'Basophil', 'Basophil', 'Erythroblast']"
00000329.jpg,"['Eosinophil', 'Lymphocyte', 'Monocyte', 'Lymphocyte', 'Lymphocyte', 'Lymphocyte']"
00000330.jpg,"['Basophil', 'Eosinophil', 'Lymphocyte', 'Neutrophil']"
00000331.jpg,"['Monocyte', 'Platelets', 'Platelets']"
00000332.jpg,"['IG', 'IG', 'Monocyte', 'Eosinophil', 'Neutrophil']"
00000333.jpg,"['Lymphocyte', 'Platelets', 'Erythroblast', 'Erythroblast', 'Platelets', 'Neutrophil']"
00000334.jpg,"['Neutrophil', 'Erythroblast', 'Eosinophil']"
00000335.jpg,"['Erythroblast', 'Eosinophil', 'Basophil', 'IG', 'IG']"
00000336.jpg,"['Platelets', 'Basophil', 'Basophil', 'Monocyte']"
00000337.jpg,"['IG', 'Basophil', 'Eosinophil', 'Basophil', 'Eosinophil']"
00000338.jpg,"['Neutrophil', 'Eosinophil', 'Erythroblast', 'Platelets', 'IG']"
00000339.jpg,"['Eosinophil', 'Lymphocyte', 'Monocyte']"
00000340.jpg,"['Neutrophil', 'Eosinophil', 'Lymphocyte']"
00000341.jpg,"['Monocyte', 'IG', 'Monocyte', 'Basophil', 'IG', 'Eosinophil']"
00000342.jpg,"['Lymphocyte', 'Basophil', 'Monocyte', 'Eosinophil', 'Lymphocyte']"
00000343.jpg,"['Erythroblast', 'Erythroblast', 'IG', 'Lymphocyte']"
00000344.jpg,"['Neutrophil', 'Lymphocyte', 'Neutrophil', 'Basophil']"
00000345.jpg,"['Lymphocyte', 'Erythroblast', 'Platelets', 'Erythroblast']"
00000346.jpg,"['Erythroblast', 'Eosinophil', 'Erythroblast']"
00000347.jpg,"['Basophil', 'IG', 'IG', 'Lymphocyte']"
00000348.jpg,"['Platelets', 'Monocyte', 'Basophil', 'Erythroblast', 'Platelets', 'Eosinophil']"
00000349.jpg,"['Basophil', 'IG', 'IG', 'Eosinophil', 'IG', 'Platelets']"
00000350.jpg,"['Erythroblast', 'Erythroblast', 'Basophil', 'IG', 'Erythroblast']"
00000351.jpg,"['Neutrophil', 'Lymphocyte', 'Platelets']"
00000352.jpg,"['Platelets', 'IG', 'Platelets']"
00000353.jpg,"['Lymphocyte', 'Eosinophil', 'Neutrophil', 'Erythroblast']"
00000354.jpg,"['Erythroblast', 'Eosinophil', 'Platelets', 'Eosinophil', 'Erythroblast', 'Neutrophil']"
00000355.jpg,"['IG', 'Basophil', 'IG', 'Neutrophil', 'Neutrophil', 'Platelets']"
00000356.jpg,"['Basophil', 'Eosinophil', 'Neutrophil']"
00000357.jpg,"['Basophil', 'Eosinophil', 'Neutrophil', 'Basophil', 'Eosinophil']"
00000358.jpg,"['Erythroblast', 'Erythroblast', 'Erythroblast', 'Platelets', 'Platelets', 'Neutrophil']"
00000359.jpg,"['Basophil', 'Platelets', 'Erythroblast', 'Erythroblast', 'Monocyte', 'Lymphocyte']"
00000360.jpg,"['Monocyte', 'Basophil', 'IG', 'Lymphocyte', 'Eosinophil']"
00000361.jpg,"['Platelets', 'Basophil', 'Monocyte', 'Monocyte']"
00000362.jpg,"['Erythroblast', 'Erythroblast', 'Neutrophil']"
00000363.jpg,"['Erythroblast', 'Neutrophil', 'Monocyte', 'Neutrophil', 'Erythroblast']"
00000364.jpg,"['Basophil', 'Monocyte', 'Eosinophil', 'IG', 'Eosinophil', 'Monocyte']"
00000365.jpg,"['Basophil', 'Platelets', 'Lymphocyte', 'Monocyte']"
00000366.jpg,"['IG', 'Monocyte', 'IG', 'Platelets', 'IG', 'Erythroblast']"
00000367.jpg,"['IG', 'Basophil', 'IG', 'Neutrophil', 'Neutrophil', 'Monocyte']"
00000368.jpg,"['Eosinophil', 'Platelets', 'Monocyte', 'Platelets']"
00000369.jpg,"['Platelets', 'Neutrophil', 'Basophil', 'Lymphocyte']"
00000370.jpg,"['Basophil', 'Neutrophil', 'Monocyte']"
00000371.jpg,"['Platelets', 'Monocyte', 'Basophil', 'Basophil', 'Monocyte']"
00000372.jpg,"['Lymphocyte', 'Lymphocyte', 'Platelets', 'Eosinophil', 'Platelets', 'Erythroblast']"
00000373.jpg,"['Lymphocyte', 'Basophil', 'Platelets', 'Basophil', 'Erythroblast', 'Platelets']"
00000374.jpg,"['Basophil', 'Lymphocyte', 'Lymphocyte']"
00000375.jpg,"['Monocyte', 'Monocyte', 'IG', 'Eosinophil']"
00000376.jpg,"['Neutrophil', 'Lymphocyte', 'IG', 'Platelets', 'IG']"
00000377.jpg,"['Basophil', 'Neutrophil', 'Lymphocyte', 'Eosinophil']"
00000378.jpg,"['Eosinophil', 'IG', 'Neutrophil']"
00000379.jpg,"['Eosinophil', 'Erythroblast', 'Eosinophil', 'Platelets', 'Erythroblast', 'Basophil']"
00000380.jpg,"['Eosinophil', 'Eosinophil', 'Neutrophil', 'Monocyte', 'Lymphocyte', 'Platelets']"
00000381.jpg,"['IG', 'Erythroblast', 'Monocyte', 'Platelets', 'Neutrophil', 'Basophil']"
00000382.jpg,"['Neutrophil', 'IG', 'Platelets', 'IG', 'Monocyte']"
00000383.jpg,"['Neutrophil', 'Eosinophil', 'Eosinophil']"
00000384.jpg,"['Basophil', 'Platelets', 'Erythroblast', 'Platelets', 'Eosinophil', 'Erythroblast']"
00000385.jpg,"['IG', 'Eosinophil', 'Lymphocyte', 'Erythroblast', 'Lymphocyte']"
00000386.jpg,"['IG', 'Erythroblast', 'Neutrophil', 'Platelets', 'Eosinophil']"
00000387.jpg,"['IG', 'IG', 'Lymphocyte', 'Eosinophil', 'Monocyte', 'Platelets']"
00000388.jpg,"['Basophil', 'Basophil', 'IG', 'Monocyte']"
00000389.jpg,"['IG', 'Neutrophil', 'Lymphocyte', 'Monocyte', 'Monocyte']"
00000390.jpg,"['IG', 'Platelets', 'Erythroblast', 'Eosinophil', 'Neutrophil']"
00000391.jpg,"['Eosinophil', 'Erythroblast', 'Neutrophil', 'Lymphocyte', 'Erythroblast', 'Neutrophil']"
00000392.jpg,"['Monocyte', 'Eosinophil', 'Erythroblast', 'Eosinophil', 'Erythroblast', 'Eosinophil']"
00000393.jpg,"['Platelets', 'Basophil', 'Monocyte']"
00000394.jpg,"['Neutrophil', 'Neutrophil', 'IG', 'Neutrophil']"
00000395.jpg,"['Monocyte', 'Platelets', 'Eosinophil', 'Eosinophil']"
00000396.jpg,"['Erythroblast', 'IG', 'Platelets', 'Eosinophil']"
00000397.jpg,"['Erythroblast', 'IG', 'Basophil', 'Neutrophil', 'Lymphocyte', 'Erythroblast']"
00000398.jpg,"['Lymphocyte', 'Basophil', 'IG', 'Erythroblast', 'Erythroblast', 'Platelets']"
00000399.jpg,"['Neutrophil', 'Eosinophil', 'Platelets', 'Neutrophil']"
00000400.jpg,"['Lymphocyte', 'Erythroblast', 'Erythroblast']"
00000401.jpg,"['Eosinophil', 'Basophil', 'IG', 'Erythroblast', 'Neutrophil', 'Lymphocyte']"
00000402.jpg,"['Platelets', 'Erythroblast', 'Basophil', 'Basophil']"
00000403.jpg,"['Neutrophil', 'Monocyte', 'Erythroblast', 'Erythroblast', 'IG', 'Monocyte']"
00000404.jpg,"['Eosinophil', 'Neutrophil', 'Basophil', 'Erythroblast', 'Erythroblast', 'Lymphocyte']"
00000405.jpg,"['Eosinophil', 'Neutrophil', 'Neutrophil', 'Monocyte', 'Neutrophil', 'Neutrophil']"
00000406.jpg,"['Monocyte', 'Neutrophil', 'Eosinophil']"
00000407.jpg,"['Basophil', 'Platelets', 'Monocyte', 'IG', 'Lymphocyte', 'Neutrophil']"
00000408.jpg,"['Monocyte', 'Erythroblast', 'Lymphocyte']"
00000409.jpg,"['IG', 'Lymphocyte', 'Platelets', 'Neutrophil']"
00000410.jpg,"['IG', 'IG', 'Eosinophil', 'Erythroblast']"
00000411.jpg,"['Lymphocyte', 'Monocyte', 'Eosinophil', 'Neutrophil']"
00000412.jpg,"['Platelets', 'Lymphocyte', 'IG', 'Erythroblast', 'Neutrophil']"
00000413.jpg,"['Erythroblast', 'Lymphocyte', 'Neutrophil']"
00000414.jpg,"['IG', 'Lymphocyte', 'Monocyte', 'Lymphocyte', 'Monocyte', 'Erythroblast']"
00000415.jpg,"['Platelets', 'IG', 'Neutrophil', 'Erythroblast', 'Neutrophil', 'Neutrophil']"
00000416.jpg,"['Monocyte', 'IG', 'Eosinophil', 'Erythroblast']"
00000417.jpg,"['Platelets', 'Basophil', 'Neutrophil', 'Erythroblast']"
00000418.jpg,"['IG', 'IG', 'Eosinophil']"
00000419.jpg,"['Eosinophil', 'Erythroblast', 'Erythroblast', 'Lymphocyte', 'Eosinophil', 'Lymphocyte']"
00000420.jpg,"['Lymphocyte', 'Eosinophil', 'Erythroblast', 'IG']"
00000421.jpg,"['Platelets', 'Neutrophil', 'Lymphocyte', 'Monocyte', 'Platelets', 'Neutrophil']"
00000422.jpg,"['Neutrophil', 'IG', 'Platelets', 'Basophil', 'Monocyte']"
00000423.jpg,"['Basophil', 'IG', 'Basophil']"
00000424.jpg,"['IG', 'Neutrophil', 'Neutrophil', 'Erythroblast']"
00000425.jpg,"['Erythroblast', 'Erythroblast', 'Eosinophil', 'IG']"
00000426.jpg,"['Neutrophil', 'Lymphocyte', 'Platelets']"
00000427.jpg,"['Platelets', 'Neutrophil', 'Erythroblast', 'Erythroblast', 'Basophil', 'Neutrophil']"
00000428.jpg,"['Eosinophil', 'Lymphocyte', 'Lymphocyte', 'Eosinophil']"
00000429.jpg,"['Lymphocyte', 'Erythroblast', 'Platelets', 'Lymphocyte']"
00000430.jpg,"['Lymphocyte', 'Neutrophil', 'Erythroblast', 'IG', 'Neutrophil']"
00000431.jpg,"['Lymphocyte', 'Basophil', 'Erythroblast', 'Erythroblast']"
00000432.jpg,"['Neutrophil', 'Platelets', 'Platelets', 'Neutrophil', 'IG']"
00000433.jpg,"['Platelets', 'Basophil', 'Monocyte']"
00000434.jpg,"['Basophil', 'Monocyte', 'Platelets']"
00000435.jpg,"['Neutrophil', 'Eosinophil', 'Neutrophil', 'Erythroblast']"
00000436.jpg,"['Platelets', 'Neutrophil', 'Erythroblast', 'Lymphocyte', 'Eosinophil', 'Monocyte']"
00000437.jpg,"['Lymphocyte', 'Erythroblast', 'Basophil', 'Erythroblast', 'Platelets']"
00000438.jpg,"['IG', 'Lymphocyte', 'Eosinophil', 'Eosinophil', 'Basophil']"
00000439.jpg,"['IG', 'Lymphocyte', 'Monocyte']"
00000440.jpg,"['Neutrophil', 'Erythroblast', 'Platelets']"
00000441.jpg,"['Platelets', 'Neutrophil', 'IG', 'Lymphocyte', 'Neutrophil', 'Erythroblast']"
00000442.jpg,"['Monocyte', 'Basophil', 'Neutrophil', 'Lymphocyte', 'Erythroblast']"
00000443.jpg,"['Lymphocyte', 'Neutrophil', 'Monocyte', 'IG']"
00000444.jpg,"['Platelets', 'Lymphocyte', 'Eosinophil', 'Basophil', 'IG', 'Monocyte']"
00000445.jpg,"['Neutrophil', 'Lymphocyte', 'Monocyte', 'Basophil', 'IG', 'Monocyte']"
00000446.jpg,"['Neutrophil', 'Erythroblast', 'Lymphocyte']"
00000447.jpg,"['Basophil', 'Basophil', 'IG', 'Basophil']"
00000448.jpg,"['Neutrophil', 'Basophil', 'IG']"
00000449.jpg,"['Erythroblast', 'Lymphocyte', 'Lymphocyte', 'Basophil', 'Neutrophil', 'Lymphocyte']"
00000450.jpg,"['Basophil', 'Monocyte', 'Basophil', 'Platelets']"
00000451.jpg,"['Basophil', 'Platelets', 'Basophil', 'Lymphocyte', 'Eosinophil', 'IG']"
00000452.jpg,"['Basophil', 'Neutrophil', 'Monocyte']"
00000453.jpg,"['Lymphocyte', 'Platelets', 'Erythroblast']"
00000454.jpg,"['Monocyte', 'Basophil', 'Lymphocyte', 'Monocyte', 'Neutrophil', 'IG']"
00000455.jpg,"['IG', 'Lymphocyte', 'Lymphocyte']"
00000456.jpg,"['Lymphocyte', 'Lymphocyte', 'Basophil', 'Neutrophil', 'Lymphocyte']"
00000457.jpg,"['Erythroblast', 'Neutrophil', 'Lymphocyte', 'Platelets']"
00000458.jpg,"['Monocyte', 'IG', 'IG', 'Erythroblast']"
00000459.jpg,"['IG', 'Erythroblast', 'Lymphocyte', 'Lymphocyte', 'Eosinophil', 'Erythroblast']"
00000460.jpg,"['Eosinophil', 'Basophil', 'Basophil', 'Platelets', 'Erythroblast', 'Basophil']"
00000461.jpg,"['Eosinophil', 'Neutrophil', 'Basophil', 'Lymphocyte']"
00000462.jpg,"['Lymphocyte', 'Eosinophil', 'Monocyte', 'Basophil', 'IG']"
00000463.jpg,"['Eosinophil', 'Basophil', 'Platelets', 'Lymphocyte', 'Lymphocyte', 'Lymphocyte']"
00000464.jpg,"['Eosinophil', 'Monocyte', 'Eosinophil', 'Erythroblast', 'Erythroblast']"
00000465.jpg,"['Platelets', 'Platelets', 'Monocyte', 'Platelets', 'Eosinophil', 'Eosinophil']"
00000466.jpg,"['Eosinophil', 'Erythroblast', 'Monocyte']"
00000467.jpg,"['Lymphocyte', 'Eosinophil', 'Erythroblast', 'Lymphocyte']"
00000468.jpg,"['Basophil', 'Monocyte', 'Monocyte', 'Neutrophil']"
00000469.jpg,"['Platelets', 'Basophil', 'Neutrophil', 'Eosinophil', 'Monocyte']"
00000470.jpg,"['Monocyte', 'Neutrophil', 'Neutrophil', 'Neutrophil', 'Basophil']"
00000471.jpg,"['IG', 'Eosinophil', 'Eosinophil', 'Lymphocyte', 'Neutrophil']"
00000472.jpg,"['Neutrophil', 'Platelets', 'Lymphocyte', 'Basophil', 'Lymphocyte']"
00000473.jpg,"['Platelets', 'IG', 'Neutrophil']"
00000474.jpg,"['Eosinophil', 'Basophil', 'Lymphocyte', 'Lymphocyte', 'Monocyte']"
00000475.jpg,"['Lymphocyte', 'Neutrophil', 'Platelets', 'IG']"
00000476.jpg,"['Monocyte', 'Lymphocyte', 'IG']"
00000477.jpg,"['Basophil', 'Eosinophil', 'Neutrophil', 'Erythroblast']"
00000478.jpg,"['Monocyte', 'Neutrophil', 'Monocyte', 'Basophil']"
00000479.jpg,"['Basophil', 'Eosinophil', 'Monocyte']"
00000480.jpg,"['Erythroblast', 'Basophil', 'Erythroblast', 'IG', 'IG', 'IG']"
00000481.jpg,"['Monocyte', 'Lymphocyte', 'Erythroblast', 'Basophil', 'Platelets', 'Basophil']"
00000482.jpg,"['Neutrophil', 'Lymphocyte', 'Eosinophil', 'Neutrophil', 'IG', 'Monocyte']"
00000483.jpg,"['Erythroblast', 'IG', 'Eosinophil', 'Erythroblast', 'Eosinophil', 'IG']"
00000484.jpg,"['Neutrophil', 'Monocyte', 'Monocyte', 'Lymphocyte', 'Lymphocyte', 'Neutrophil']"
00000485.jpg,"['Platelets', 'Erythroblast', 'Erythroblast']"
00000486.jpg,"['Basophil', 'Neutrophil', 'Eosinophil']"
00000487.jpg,"['Monocyte', 'Monocyte', 'Lymphocyte', 'Platelets']"
00000488.jpg,"['Eosinophil', 'Erythroblast', 'IG', 'Neutrophil', 'IG', 'Monocyte']"
00000489.jpg,"['Neutrophil', 'Eosinophil', 'IG', 'IG']"
00000490.jpg,"['Monocyte', 'Eosinophil', 'Platelets']"
00000491.jpg,"['Lymphocyte', 'Eosinophil', 'Erythroblast', 'Monocyte']"
00000492.jpg,"['Monocyte', 'Eosinophil', 'Lymphocyte', 'Eosinophil', 'Erythroblast', 'Basophil']"
00000493.jpg,"['Basophil', 'Platelets', 'Lymphocyte', 'Neutrophil', 'Erythroblast']"
00000494.jpg,"['Erythroblast', 'Basophil', 'Eosinophil', 'Platelets']"
00000495.jpg,"['Lymphocyte', 'Lymphocyte', 'Platelets', 'Neutrophil', 'Basophil', 'Eosinophil']"
00000496.jpg,"['Basophil', 'Eosinophil', 'Neutrophil', 'Basophil', 'Monocyte']"
00000497.jpg,"['IG', 'Monocyte', 'Neutrophil', 'Lymphocyte']"
00000498.jpg,"['Eosinophil', 'Erythroblast', 'Lymphocyte']"
00000499.jpg,"['Basophil', 'Eosinophil', 'Basophil']"
00000500.jpg,"['Erythroblast', 'Eosinophil', 'Neutrophil', 'Platelets', 'Erythroblast']"
00000501.jpg,"['Eosinophil', 'Lymphocyte', 'Platelets']"
00000502.jpg,"['Neutrophil', 'IG', 'Neutrophil', 'Neutrophil', 'Lymphocyte']"
00000503.jpg,"['Basophil', 'Erythroblast', 'Eosinophil', 'Platelets', 'Erythroblast']"
00000504.jpg,"['Erythroblast', 'Monocyte', 'Lymphocyte', 'IG', 'Platelets']"
00000505.jpg,"['Neutrophil', 'Platelets', 'Erythroblast', 'IG', 'Platelets']"
00000506.jpg,"['Monocyte', 'IG', 'IG', 'Monocyte', 'Monocyte']"
00000507.jpg,"['Monocyte', 'Lymphocyte', 'IG', 'Neutrophil']"
00000508.jpg,"['Basophil', 'Eosinophil', 'Erythroblast', 'IG']"
00000509.jpg,"['Eosinophil', 'Eosinophil', 'Monocyte', 'Monocyte', 'Erythroblast', 'Platelets']"
00000510.jpg,"['Erythroblast', 'Neutrophil', 'Lymphocyte', 'Erythroblast']"
00000511.jpg,"['IG', 'Lymphocyte', 'Eosinophil', 'Lymphocyte']"
00000512.jpg,"['Eosinophil', 'Lymphocyte', 'Lymphocyte', 'Eosinophil', 'Lymphocyte', 'Platelets']"
00000513.jpg,"['Erythroblast', 'Eosinophil', 'Monocyte', 'Platelets', 'Eosinophil']"
00000514.jpg,"['Platelets', 'Basophil', 'Erythroblast', 'Neutrophil', 'Eosinophil', 'Erythroblast']"
00000515.jpg,"['Monocyte', 'Platelets', 'Neutrophil', 'Erythroblast', 'Erythroblast', 'IG']"
00000516.jpg,"['Eosinophil', 'Monocyte', 'Basophil', 'IG', 'IG']"
00000517.jpg,"['Monocyte', 'Platelets', 'IG', 'Neutrophil']"
00000518.jpg,"['Monocyte', 'Basophil', 'IG', 'Monocyte', 'Erythroblast']"
00000519.jpg,"['Neutrophil', 'Monocyte', 'Basophil', 'Neutrophil']"
00000520.jpg,"['IG', 'Platelets', 'Neutrophil', 'Monocyte', 'Eosinophil', 'Basophil']"
00000521.jpg,"['Monocyte', 'IG', 'Neutrophil', 'Erythroblast', 'Neutrophil', 'Neutrophil']"
00000522.jpg,"['Basophil', 'Neutrophil', 'Erythroblast', 'Platelets', 'Eosinophil']"
00000523.jpg,"['IG', 'Erythroblast', 'Platelets', 'IG', 'Monocyte', 'Neutrophil']"
00000524.jpg,"['Platelets', 'Lymphocyte', 'Eosinophil']"
00000525.jpg,"['Neutrophil', 'IG', 'Neutrophil', 'Basophil', 'Neutrophil', 'Erythroblast']"
00000526.jpg,"['Eosinophil', 'Erythroblast', 'Erythroblast']"
00000527.jpg,"['Neutrophil', 'IG', 'Lymphocyte', 'Platelets', 'Basophil', 'Monocyte']"
00000528.jpg,"['Basophil', 'Erythroblast', 'Eosinophil', 'Lymphocyte', 'Basophil']"
00000529.jpg,"['Basophil', 'Erythroblast', 'Eosinophil', 'Neutrophil', 'Platelets', 'IG']"
00000530.jpg,"['Platelets', 'Monocyte', 'Erythroblast', 'Basophil']"
00000531.jpg,"['Lymphocyte', 'Platelets', 'Lymphocyte', 'Basophil', 'Monocyte', 'Platelets']"
00000532.jpg,"['Basophil', 'Erythroblast', 'Lymphocyte', 'Basophil']"
00000533.jpg,"['Neutrophil', 'Eosinophil', 'Erythroblast', 'IG', 'Basophil', 'Eosinophil']"
00000534.jpg,"['Erythroblast', 'Neutrophil', 'Erythroblast', 'Platelets', 'Eosinophil', 'Erythroblast']"
00000535.jpg,"['Lymphocyte', 'Erythroblast', 'Erythroblast']"
00000536.jpg,"['Erythroblast', 'Eosinophil', 'Neutrophil']"
00000537.jpg,"['Platelets', 'Basophil', 'Lymphocyte', 'Basophil']"
00000538.jpg,"['Basophil', 'IG', 'Monocyte', 'Platelets', 'Eosinophil', 'Monocyte']"
00000539.jpg,"['Basophil', 'Monocyte', 'Erythroblast', 'Monocyte']"
00000540.jpg,"['Neutrophil', 'Erythroblast', 'Erythroblast', 'Neutrophil', 'IG']"
00000541.jpg,"['Erythroblast', 'Erythroblast', 'Basophil', 'Platelets', 'Monocyte']"
00000542.jpg,"['Lymphocyte', 'Eosinophil', 'Platelets', 'Neutrophil', 'Erythroblast']"
00000543.jpg,"['Basophil', 'Platelets', 'Lymphocyte']"
00000544.jpg,"['Eosinophil', 'Monocyte', 'Platelets', 'Lymphocyte']"
00000545.jpg,"['Platelets', 'Erythroblast', 'Erythroblast', 'Monocyte']"
00000546.jpg,"['Eosinophil', 'Monocyte', 'Lymphocyte']"
00000547.jpg,"['Erythroblast', 'IG', 'Lymphocyte', 'Erythroblast', 'Neutrophil']"
00000548.jpg,"['Eosinophil', 'Basophil', 'Erythroblast', 'Lymphocyte']"
00000549.jpg,"['Basophil', 'IG', 'IG']"
00000550.jpg,"['Monocyte', 'Neutrophil', 'Platelets']"
00000551.jpg,"['Eosinophil', 'Neutrophil', 'Lymphocyte']"
00000552.jpg,"['Monocyte', 'Lymphocyte', 'IG']"
00000553.jpg,"['Lymphocyte', 'Platelets', 'Monocyte']"
00000554.jpg,"['Platelets', 'Platelets', 'IG']"
00000555.jpg,"['Monocyte', 'Erythroblast', 'Erythroblast', 'Platelets']"
00000556.jpg,"['Platelets', 'Neutrophil', 'Basophil', 'Platelets', 'Monocyte', 'IG']"
00000557.jpg,"['Basophil', 'Eosinophil', 'Monocyte']"
00000558.jpg,"['Lymphocyte', 'Erythroblast', 'IG']"
00000559.jpg,"['Monocyte', 'Platelets', 'Basophil', 'Monocyte']"
00000560.jpg,"['Lymphocyte', 'IG', 'Basophil', 'Platelets']"
00000561.jpg,"['Monocyte', 'Basophil', 'Basophil', 'Erythroblast', 'Platelets']"
00000562.jpg,"['Platelets', 'Erythroblast', 'Erythroblast']"
00000563.jpg,"['Platelets', 'Platelets', 'Platelets', 'Monocyte', 'Lymphocyte', 'Monocyte']"
00000564.jpg,"['IG', 'Monocyte', 'Platelets', 'Lymphocyte', 'Neutrophil']"
00000565.jpg,"['Platelets', 'Lymphocyte', 'Erythroblast', 'Lymphocyte', 'Eosinophil']"
00000566.jpg,"['IG', 'Basophil', 'Monocyte', 'Neutrophil']"
00000567.jpg,"['Basophil', 'Basophil', 'Basophil', 'Platelets', 'Eosinophil']"
00000568.jpg,"['Basophil', 'IG', 'Lymphocyte', 'Platelets', 'Basophil', 'Neutrophil']"
00000569.jpg,"['Eosinophil', 'Lymphocyte', 'Erythroblast', 'Eosinophil', 'Neutrophil', 'IG']"
00000570.jpg,"['IG', 'Eosinophil', 'Platelets', 'Neutrophil', 'Lymphocyte', 'Monocyte']"
00000571.jpg,"['Basophil', 'Platelets', 'Basophil', 'Erythroblast', 'IG']"
00000572.jpg,"['Eosinophil', 'Eosinophil', 'Basophil', 'Monocyte', 'Platelets']"
00000573.jpg,"['Eosinophil', 'Monocyte', 'Erythroblast', 'Platelets']"
00000574.jpg,"['Neutrophil', 'Platelets', 'Basophil', 'Basophil', 'IG', 'Erythroblast']"
00000575.jpg,"['Monocyte', 'Neutrophil', 'IG']"
00000576.jpg,"['Neutrophil', 'IG', 'Neutrophil', 'Monocyte', 'Basophil', 'Neutrophil']"
00000577.jpg,"['Basophil', 'IG', 'IG', 'Neutrophil', 'Lymphocyte']"
00000578.jpg,"['Erythroblast', 'Platelets', 'Monocyte', 'Neutrophil', 'Erythroblast']"
00000579.jpg,"['Monocyte', 'Neutrophil', 'Platelets', 'Eosinophil', 'IG']"
00000580.jpg,"['Platelets', 'Neutrophil', 'Basophil', 'Lymphocyte', 'Erythroblast']"
00000581.jpg,"['Eosinophil', 'Monocyte', 'Monocyte', 'Eosinophil', 'Lymphocyte']"
00000582.jpg,"['Eosinophil', 'Eosinophil', 'Eosinophil', 'Eosinophil', 'Monocyte']"
00000583.jpg,"['Basophil', 'Neutrophil', 'IG']"
00000584.jpg,"['Neutrophil', 'Platelets', 'Monocyte']"
00000585.jpg,"['Erythroblast', 'Platelets', 'Basophil', 'Platelets', 'IG']"
00000586.jpg,"['Neutrophil', 'Monocyte', 'Lymphocyte', 'Platelets']"
00000587.jpg,"['Erythroblast', 'Lymphocyte', 'Platelets', 'Basophil']"
00000588.jpg,"['Basophil', 'Lymphocyte', 'IG', 'Lymphocyte']"
00000589.jpg,"['Lymphocyte', 'Basophil', 'Erythroblast']"
00000590.jpg,"['Platelets', 'Neutrophil', 'Eosinophil', 'Neutrophil']"
00000591.jpg,"['Basophil', 'Platelets', 'IG', 'Neutrophil']"
00000592.jpg,"['IG', 'IG', 'Erythroblast']"
00000593.jpg,"['IG', 'Basophil', 'Monocyte', 'Platelets', 'Lymphocyte', 'Lymphocyte']"
00000594.jpg,"['Basophil', 'Basophil', 'Neutrophil', 'Platelets', 'IG']"
00000595.jpg,"['Platelets', 'Basophil', 'Erythroblast']"
00000596.jpg,"['Erythroblast', 'Platelets', 'Platelets', 'IG', 'IG']"
00000597.jpg,"['Monocyte', 'IG', 'Basophil', 'Basophil']"
00000598.jpg,"['Monocyte', 'Lymphocyte', 'Basophil', 'Platelets']"
00000599.jpg,"['Platelets', 'Erythroblast', 'IG', 'Monocyte', 'Basophil', 'Lymphocyte']"
00000600.jpg,"['Lymphocyte', 'Lymphocyte', 'Platelets', 'Neutrophil']"
00000601.jpg,"['Eosinophil', 'Monocyte', 'Erythroblast', 'Monocyte']"
00000602.jpg,"['Monocyte', 'Platelets', 'Monocyte']"
00000603.jpg,"['Lymphocyte', 'Erythroblast', 'Basophil']"
00000604.jpg,"['Erythroblast', 'Platelets', 'Basophil', 'Basophil']"
00000605.jpg,"['Lymphocyte', 'IG', 'Neutrophil', 'Erythroblast', 'Lymphocyte']"
00000606.jpg,"['IG', 'IG', 'Basophil']"
00000607.jpg,"['Eosinophil', 'Neutrophil', 'Neutrophil', 'Eosinophil', 'Monocyte', 'Platelets']"
00000608.jpg,"['IG', 'Erythroblast', 'Eosinophil', 'IG', 'Monocyte', 'Neutrophil']"
00000609.jpg,"['Monocyte', 'Neutrophil', 'IG', 'Monocyte']"
00000610.jpg,"['Basophil', 'Basophil', 'Eosinophil', 'Lymphocyte']"
00000611.jpg,"['Erythroblast', 'Basophil', 'Basophil', 'Basophil', 'Erythroblast', 'Neutrophil']"
00000612.jpg,"['Neutrophil', 'Basophil', 'Eosinophil', 'Platelets', 'Eosinophil', 'Platelets']"
00000613.jpg,"['Erythroblast', 'Neutrophil', 'Eosinophil', 'Basophil', 'Monocyte', 'IG']"
00000614.jpg,"['Monocyte', 'Monocyte', 'Platelets', 'Eosinophil', 'Platelets']"
00000615.jpg,"['Eosinophil', 'IG', 'Erythroblast', 'Neutrophil', 'Erythroblast', 'Platelets']"
00000616.jpg,"['Monocyte', 'Basophil', 'Neutrophil', 'IG', 'IG']"
00000617.jpg,"['Monocyte', 'IG', 'Lymphocyte']"
00000618.jpg,"['Neutrophil', 'Neutrophil', 'Erythroblast', 'Monocyte', 'Eosinophil', 'Eosinophil']"
00000619.jpg,"['Basophil', 'Basophil', 'Eosinophil', 'Monocyte', 'Monocyte', 'Eosinophil']"
00000620.jpg,"['IG', 'Lymphocyte', 'Platelets']"
00000621.jpg,"['Erythroblast', 'Eosinophil', 'Erythroblast', 'Neutrophil']"
00000622.jpg,"['Monocyte', 'Eosinophil', 'Monocyte', 'Monocyte', 'IG']"
00000623.jpg,"['Eosinophil', 'Neutrophil', 'Eosinophil', 'IG']"
00000624.jpg,"['Neutrophil', 'Erythroblast', 'Erythroblast', 'Monocyte', 'IG']"
00000625.jpg,"['Erythroblast', 'Eosinophil', 'Basophil']"
00000626.jpg,"['Neutrophil', 'Neutrophil', 'Lymphocyte']"
00000627.jpg,"['Monocyte', 'Eosinophil', 'IG', 'Erythroblast']"
00000628.jpg,"['Neutrophil', 'Lymphocyte', 'Basophil']"
00000629.jpg,"['Eosinophil', 'Basophil', 'Erythroblast']"
00000630.jpg,"['Lymphocyte', 'Platelets', 'Eosinophil', 'Neutrophil', 'Basophil', 'Basophil']"
00000631.jpg,"['Monocyte', 'Platelets', 'Erythroblast', 'Neutrophil', 'IG']"
00000632.jpg,"['Neutrophil', 'Lymphocyte', 'Neutrophil', 'Erythroblast', 'IG', 'Lymphocyte']"
00000633.jpg,"['Eosinophil', 'IG', 'IG']"
00000634.jpg,"['Basophil', 'Erythroblast', 'Eosinophil', 'Platelets', 'Neutrophil', 'Basophil']"
00000635.jpg,"['IG', 'Basophil', 'Platelets', 'Eosinophil', 'Lymphocyte']"
00000636.jpg,"['IG', 'IG', 'Eosinophil']"
00000637.jpg,"['Platelets', 'Erythroblast', 'Lymphocyte', 'Neutrophil', 'Platelets', 'Eosinophil']"
00000638.jpg,"['Monocyte', 'Basophil', 'Erythroblast', 'Lymphocyte']"
00000639.jpg,"['Lymphocyte', 'Monocyte', 'Basophil', 'Eosinophil', 'Eosinophil']"
00000640.jpg,"['Neutrophil', 'Erythroblast', 'Neutrophil', 'Platelets', 'IG']"
00000641.jpg,"['Eosinophil', 'Eosinophil', 'Neutrophil', 'IG', 'Basophil', 'Monocyte']"
00000642.jpg,"['Neutrophil', 'Erythroblast', 'Neutrophil']"
00000643.jpg,"['Basophil', 'Erythroblast', 'Neutrophil']"
00000644.jpg,"['Platelets', 'Monocyte', 'IG', 'Lymphocyte', 'Neutrophil']"
00000645.jpg,"['Basophil', 'IG', 'Platelets']"
00000646.jpg,"['Basophil', 'Monocyte', 'Eosinophil', 'Eosinophil', 'IG']"
00000647.jpg,"['Monocyte', 'Basophil', 'Neutrophil']"
00000648.jpg,"['Erythroblast', 'Erythroblast', 'Erythroblast', 'Basophil']"
00000649.jpg,"['Erythroblast', 'Neutrophil', 'Lymphocyte', 'Neutrophil', 'Eosinophil']"
00000650.jpg,"['Erythroblast', 'Monocyte', 'IG', 'IG']"
00000651.jpg,"['Platelets', 'Eosinophil', 'Platelets', 'Basophil', 'IG']"
00000652.jpg,"['Eosinophil', 'Eosinophil', 'Erythroblast', 'Neutrophil', 'Platelets', 'Lymphocyte']"
00000653.jpg,"['Monocyte', 'Platelets', 'Eosinophil', 'Lymphocyte', 'Neutrophil']"
00000654.jpg,"['Platelets', 'IG', 'Eosinophil', 'Lymphocyte', 'Neutrophil', 'Basophil']"
00000655.jpg,"['Monocyte', 'Lymphocyte', 'Erythroblast']"
00000656.jpg,"['IG', 'Neutrophil', 'Lymphocyte', 'Basophil', 'IG']"
00000657.jpg,"['Basophil', 'Basophil', 'Neutrophil', 'Erythroblast', 'Basophil']"
00000658.jpg,"['Eosinophil', 'Platelets', 'Monocyte', 'IG', 'IG']"
00000659.jpg,"['Platelets', 'Eosinophil', 'Lymphocyte', 'Basophil', 'Platelets']"
00000660.jpg,"['Neutrophil', 'Lymphocyte', 'Lymphocyte', 'Basophil', 'Basophil', 'Basophil']"
00000661.jpg,"['IG', 'Erythroblast', 'Basophil', 'Platelets', 'Platelets', 'Neutrophil']"
00000662.jpg,"['Neutrophil', 'Erythroblast', 'Platelets', 'Erythroblast', 'Eosinophil']"
00000663.jpg,"['Platelets', 'Lymphocyte', 'Monocyte']"
00000664.jpg,"['Monocyte', 'IG', 'Platelets', 'Erythroblast']"
00000665.jpg,"['Neutrophil', 'Basophil', 'Platelets', 'Eosinophil', 'Erythroblast']"
00000666.jpg,"['IG', 'Monocyte', 'IG', 'Monocyte']"
00000667.jpg,"['Monocyte', 'Erythroblast', 'Lymphocyte', 'Neutrophil', 'Platelets', 'IG']"
00000668.jpg,"['Neutrophil', 'Neutrophil', 'Erythroblast', 'Lymphocyte', 'Lymphocyte', 'Neutrophil']"
00000669.jpg,"['Monocyte', 'Lymphocyte', 'Lymphocyte', 'Erythroblast']"
00000670.jpg,"['Basophil', 'Platelets', 'Lymphocyte', 'Platelets']"
00000671.jpg,"['Platelets', 'Basophil', 'Lymphocyte', 'Neutrophil', 'Basophil', 'Basophil']"
00000672.jpg,"['Neutrophil', 'Neutrophil', 'Erythroblast', 'Basophil']"
00000673.jpg,"['Platelets', 'Eosinophil', 'Basophil']"
00000674.jpg,"['Neutrophil', 'Eosinophil', 'Monocyte']"
00000675.jpg,"['Eosinophil', 'IG', 'Basophil']"
00000676.jpg,"['Monocyte', 'IG', 'IG', 'Erythroblast']"
00000677.jpg,"['Neutrophil', 'Erythroblast', 'Erythroblast', 'Basophil', 'IG']"
00000678.jpg,"['Erythroblast', 'Basophil', 'Neutrophil', 'IG', 'Platelets', 'Basophil']"
00000679.jpg,"['Lymphocyte', 'Erythroblast', 'Monocyte', 'Monocyte', 'Basophil']"
00000680.jpg,"['IG', 'Eosinophil', 'Neutrophil']"
00000681.jpg,"['Eosinophil', 'Eosinophil', 'Eosinophil', 'IG', 'Eosinophil']"
00000682.jpg,"['Neutrophil', 'Monocyte', 'Eosinophil', 'Lymphocyte', 'Basophil']"
00000683.jpg,"['Platelets', 'Basophil', 'IG', 'Lymphocyte', 'Lymphocyte', 'Eosinophil']"
00000684.jpg,"['Basophil', 'Eosinophil', 'Eosinophil', 'Erythroblast', 'Basophil']"
00000685.jpg,"['IG', 'Eosinophil', 'IG']"
00000686.jpg,"['Basophil', 'Basophil', 'Lymphocyte']"
00000687.jpg,"['Erythroblast', 'Erythroblast', 'Eosinophil', 'Monocyte', 'Lymphocyte', 'Lymphocyte']"
00000688.jpg,"['Platelets', 'Neutrophil', 'Eosinophil', 'IG', 'Platelets', 'Platelets']"
00000689.jpg,"['IG', 'Monocyte', 'Neutrophil', 'IG', 'Eosinophil', 'Neutrophil']"
00000690.jpg,"['IG', 'Erythroblast', 'Monocyte']"
00000691.jpg,"['Monocyte', 'Erythroblast', 'Platelets', 'Erythroblast', 'Neutrophil']"
00000692.jpg,"['Monocyte', 'Eosinophil', 'Basophil']"
00000693.jpg,"['Eosinophil', 'Monocyte', 'Eosinophil', 'Platelets', 'Basophil', 'Eosinophil']"
00000694.jpg,"['Platelets', 'Basophil', 'Basophil']"
00000695.jpg,"['Eosinophil', 'Monocyte', 'Basophil']"
00000696.jpg,"['Platelets', 'Platelets', 'Neutrophil', 'Monocyte']"
00000697.jpg,"['Lymphocyte', 'Erythroblast', 'Lymphocyte']"
00000698.jpg,"['IG', 'Basophil', 'IG', 'Eosinophil', 'Basophil']"
00000699.jpg,"['Erythroblast', 'Monocyte', 'Eosinophil', 'Erythroblast', 'Basophil', 'Erythroblast']"
00000700.jpg,"['Monocyte', 'Neutrophil', 'Erythroblast', 'IG', 'Eosinophil']"
00000701.jpg,"['IG', 'Basophil', 'Eosinophil', 'IG', 'Eosinophil', 'Eosinophil']"
00000702.jpg,"['IG', 'Basophil', 'Eosinophil', 'IG', 'Basophil']"
00000703.jpg,"['Neutrophil', 'Eosinophil', 'Erythroblast', 'IG']"
00000704.jpg,"['Basophil', 'Neutrophil', 'Monocyte', 'Platelets', 'Neutrophil', 'Lymphocyte']"
00000705.jpg,"['Neutrophil', 'Lymphocyte', 'Monocyte', 'Platelets']"
00000706.jpg,"['Platelets', 'Lymphocyte', 'Erythroblast']"
00000707.jpg,"['Monocyte', 'Lymphocyte', 'Neutrophil', 'Platelets', 'Monocyte']"
00000708.jpg,"['Platelets', 'Platelets', 'IG', 'IG', 'Neutrophil', 'Monocyte']"
00000709.jpg,"['Lymphocyte', 'Eosinophil', 'Eosinophil', 'Eosinophil']"
00000710.jpg,"['Platelets', 'Eosinophil', 'Erythroblast', 'Basophil', 'Lymphocyte']"
00000711.jpg,"['Eosinophil', 'Eosinophil', 'Platelets', 'Monocyte', 'Lymphocyte']"
00000712.jpg,"['Monocyte', 'Erythroblast', 'Lymphocyte', 'Neutrophil', 'IG']"
00000713.jpg,"['Monocyte', 'Platelets', 'IG', 'Erythroblast', 'Eosinophil', 'Neutrophil']"
00000714.jpg,"['Eosinophil', 'Erythroblast', 'Basophil', 'Lymphocyte']"
00000715.jpg,"['Basophil', 'Lymphocyte', 'IG', 'Neutrophil', 'Monocyte']"
00000716.jpg,"['IG', 'Basophil', 'Neutrophil']"
00000717.jpg,"['Basophil', 'Basophil', 'Eosinophil', 'Basophil', 'Erythroblast', 'Neutrophil']"
00000718.jpg,"['IG', 'Erythroblast', 'Neutrophil', 'Eosinophil', 'IG']"
00000719.jpg,"['Basophil', 'Erythroblast', 'Basophil', 'Lymphocyte', 'Erythroblast']"
00000720.jpg,"['Neutrophil', 'IG', 'Eosinophil']"
00000721.jpg,"['Neutrophil', 'Platelets', 'IG']"
00000722.jpg,"['Basophil', 'Neutrophil', 'Erythroblast']"
00000723.jpg,"['IG', 'Basophil', 'Eosinophil', 'Neutrophil', 'Lymphocyte']"
00000724.jpg,"['Lymphocyte', 'Erythroblast', 'Monocyte']"
00000725.jpg,"['IG', 'Erythroblast', 'Lymphocyte', 'Platelets', 'Platelets', 'Neutrophil']"
00000726.jpg,"['Platelets', 'Basophil', 'IG', 'Basophil']"
00000727.jpg,"['Erythroblast', 'Neutrophil', 'Basophil']"
00000728.jpg,"['Lymphocyte', 'Eosinophil', 'Eosinophil']"
00000729.jpg,"['Eosinophil', 'Monocyte', 'Lymphocyte', 'Eosinophil', 'Platelets']"
00000730.jpg,"['IG', 'IG', 'Platelets', 'Platelets', 'Erythroblast']"
00000731.jpg,"['IG', 'Neutrophil', 'IG']"
00000732.jpg,"['Erythroblast', 'Basophil', 'Neutrophil']"
00000733.jpg,"['Basophil', 'Monocyte', 'Lymphocyte', 'Lymphocyte', 'Platelets']"
00000734.jpg,"['Lymphocyte', 'IG', 'Eosinophil', 'Lymphocyte', 'Platelets']"
00000735.jpg,"['Neutrophil', 'Lymphocyte', 'Basophil', 'Neutrophil']"
00000736.jpg,"['IG', 'IG', 'Monocyte']"
00000737.jpg,"['Lymphocyte', 'IG', 'Basophil']"
00000738.jpg,"['Platelets', 'Erythroblast', 'Platelets']"
00000739.jpg,"['Platelets', 'Eosinophil', 'IG']"
00000740.jpg,"['Erythroblast', 'Lymphocyte', 'Lymphocyte', 'Erythroblast', 'Basophil', 'Lymphocyte']"
00000741.jpg,"['Erythroblast', 'Lymphocyte', 'Erythroblast']"
00000742.jpg,"['IG', 'Erythroblast', 'Erythroblast', 'Neutrophil', 'Eosinophil']"
00000743.jpg,"['Basophil', 'Neutrophil', 'Basophil']"
00000744.jpg,"['Erythroblast', 'Neutrophil', 'Lymphocyte', 'Neutrophil']"
00000745.jpg,"['Basophil', 'Monocyte', 'Eosinophil', 'Eosinophil']"
00000746.jpg,"['Erythroblast', 'Monocyte', 'Lymphocyte', 'Neutrophil', 'IG', 'IG']"
00000747.jpg,"['Lymphocyte', 'Erythroblast', 'Eosinophil', 'Basophil']"
00000748.jpg,"['Basophil', 'Monocyte', 'Monocyte', 'Erythroblast', 'IG', 'Platelets']"
00000749.jpg,"['Neutrophil', 'Monocyte', 'IG', 'Neutrophil', 'Neutrophil', 'Basophil']"
00000750.jpg,"['Monocyte', 'Lymphocyte', 'Neutrophil', 'Neutrophil', 'Erythroblast', 'Lymphocyte']"
00000751.jpg,"['Eosinophil', 'Neutrophil', 'Eosinophil', 'Monocyte']"
00000752.jpg,"['Eosinophil', 'Monocyte', 'Neutrophil', 'Basophil', 'Eosinophil']"
00000753.jpg,"['Basophil', 'Eosinophil', 'Basophil', 'Basophil']"
00000754.jpg,"['Erythroblast', 'Lymphocyte', 'Erythroblast']"
00000755.jpg,"['Eosinophil', 'Monocyte', 'Monocyte', 'IG', 'Platelets', 'Monocyte']"
00000756.jpg,"['Eosinophil', 'Eosinophil', 'Monocyte', 'Platelets']"
00000757.jpg,"['Platelets', 'Erythroblast', 'Erythroblast']"
00000758.jpg,"['Lymphocyte', 'Basophil', 'Erythroblast', 'Platelets', 'IG']"
00000759.jpg,"['Erythroblast', 'Basophil', 'Platelets']"
00000760.jpg,"['Basophil', 'Basophil', 'IG', 'Neutrophil', 'Neutrophil', 'Erythroblast']"
00000761.jpg,"['IG', 'Monocyte', 'Eosinophil']"
00000762.jpg,"['Erythroblast', 'IG', 'Erythroblast']"
00000763.jpg,"['Monocyte', 'Eosinophil', 'Neutrophil']"
00000764.jpg,"['Erythroblast', 'Neutrophil', 'Erythroblast', 'Erythroblast', 'Platelets', 'Basophil']"
00000765.jpg,"['Basophil', 'IG', 'Platelets', 'Lymphocyte']"
00000766.jpg,"['Erythroblast', 'Monocyte', 'Erythroblast']"
00000767.jpg,"['Lymphocyte', 'Erythroblast', 'Eosinophil', 'Neutrophil', 'Monocyte', 'Monocyte']"
00000768.jpg,"['Eosinophil', 'Monocyte', 'Platelets', 'Monocyte', 'Monocyte']"
00000769.jpg,"['Erythroblast', 'Erythroblast', 'Eosinophil', 'Platelets']"
00000770.jpg,"['Basophil', 'Lymphocyte', 'Monocyte', 'Erythroblast', 'Lymphocyte']"
00000771.jpg,"['Eosinophil', 'Neutrophil', 'Lymphocyte']"
00000772.jpg,"['Platelets', 'Lymphocyte', 'Basophil', 'Erythroblast', 'Platelets', 'Eosinophil']"
00000773.jpg,"['Monocyte', 'Neutrophil', 'Lymphocyte']"
00000774.jpg,"['Platelets', 'Erythroblast', 'Neutrophil', 'Basophil']"
00000775.jpg,"['Lymphocyte', 'Basophil', 'Erythroblast', 'Eosinophil', 'Neutrophil']"
00000776.jpg,"['Platelets', 'Monocyte', 'Platelets']"
00000777.jpg,"['Platelets', 'Monocyte', 'Platelets']"
00000778.jpg,"['Eosinophil', 'IG', 'Basophil', 'Lymphocyte', 'Lymphocyte']"
00000779.jpg,"['Monocyte', 'Erythroblast', 'Basophil', 'IG', 'Lymphocyte']"
00000780.jpg,"['Neutrophil', 'IG', 'IG', 'Erythroblast']"
00000781.jpg,"['Platelets', 'Neutrophil', 'Platelets', 'Lymphocyte']"
00000782.jpg,"['Lymphocyte', 'Eosinophil', 'Basophil', 'Basophil', 'Erythroblast']"
00000783.jpg,"['Basophil', 'Neutrophil', 'Neutrophil', 'IG', 'Lymphocyte', 'Platelets']"
00000784.jpg,"['IG', 'Basophil', 'Neutrophil', 'IG']"
00000785.jpg,"['Lymphocyte', 'Eosinophil', 'IG', 'Erythroblast', 'Basophil', 'Neutrophil']"
00000786.jpg,"['Lymphocyte', 'Erythroblast', 'Eosinophil', 'Erythroblast', 'Erythroblast']"
00000787.jpg,"['Basophil', 'Neutrophil', 'Basophil']"
00000788.jpg,"['Erythroblast', 'Erythroblast', 'Platelets', 'Basophil']"
00000789.jpg,"['Erythroblast', 'Neutrophil', 'Lymphocyte']"
00000790.jpg,"['Neutrophil', 'IG', 'Basophil', 'Platelets', 'Neutrophil']"
00000791.jpg,"['Basophil', 'Neutrophil', 'Neutrophil']"
00000792.jpg,"['Platelets', 'Platelets', 'Eosinophil']"
00000793.jpg,"['Neutrophil', 'Erythroblast', 'Eosinophil']"
00000794.jpg,"['Basophil', 'Monocyte', 'IG', 'Eosinophil', 'Basophil']"
00000795.jpg,"['Eosinophil', 'Erythroblast', 'Basophil', 'Neutrophil', 'Platelets', 'Basophil']"
00000796.jpg,"['Basophil', 'Neutrophil', 'Lymphocyte', 'Lymphocyte']"
00000797.jpg,"['Lymphocyte', 'IG', 'Monocyte', 'Basophil', 'Basophil', 'Erythroblast']"
00000798.jpg,"['Platelets', 'Lymphocyte', 'Neutrophil', 'Platelets']"
00000799.jpg,"['Eosinophil', 'Eosinophil', 'IG', 'Lymphocyte']"
00000800.jpg,"['IG', 'Monocyte', 'Neutrophil']"
00000801.jpg,"['Eosinophil', 'IG', 'Eosinophil']"
00000802.jpg,"['Erythroblast', 'Erythroblast', 'Basophil', 'Lymphocyte']"
00000803.jpg,"['IG', 'Eosinophil', 'Platelets', 'Erythroblast', 'IG', 'Erythroblast']"
00000804.jpg,"['IG', 'Monocyte', 'Monocyte']"
00000805.jpg,"['Lymphocyte', 'Neutrophil', 'Erythroblast', 'Neutrophil']"
00000806.jpg,"['Neutrophil', 'IG', 'Monocyte', 'Monocyte', 'Platelets']"
00000807.jpg,"['Neutrophil', 'Monocyte', 'IG', 'Lymphocyte', 'Lymphocyte', 'Neutrophil']"
00000808.jpg,"['Monocyte', 'Eosinophil', 'Monocyte', 'Monocyte', 'Basophil']"
00000809.jpg,"['Neutrophil', 'Neutrophil', 'IG', 'Erythroblast']"
00000810.jpg,"['Neutrophil', 'IG', 'Lymphocyte']"
00000811.jpg,"['Eosinophil', 'Monocyte', 'Neutrophil', 'Erythroblast', 'IG']"
00000812.jpg,"['Platelets', 'Lymphocyte', 'Lymphocyte']"
00000813.jpg,"['Monocyte', 'Eosinophil', 'Monocyte', 'Neutrophil', 'Erythroblast', 'Erythroblast']"
00000814.jpg,"['Basophil', 'Lymphocyte', 'Neutrophil', 'Monocyte', 'Eosinophil']"
00000815.jpg,"['Monocyte', 'Eosinophil', 'Basophil', 'Monocyte']"
00000816.jpg,"['Erythroblast', 'Neutrophil', 'IG', 'Eosinophil']"
00000817.jpg,"['Erythroblast', 'Platelets', 'Monocyte', 'Platelets', 'Eosinophil', 'Neutrophil']"
00000818.jpg,"['Basophil', 'Eosinophil', 'Lymphocyte', 'Basophil', 'Basophil']"
00000819.jpg,"['Neutrophil', 'Monocyte', 'Basophil', 'Neutrophil', 'Eosinophil', 'Lymphocyte']"
00000820.jpg,"['Eosinophil', 'Monocyte', 'Erythroblast', 'IG']"
00000821.jpg,"['Eosinophil', 'Neutrophil', 'Erythroblast', 'Lymphocyte']"
00000822.jpg,"['IG', 'Monocyte', 'IG', 'Eosinophil', 'Eosinophil', 'Monocyte']"
00000823.jpg,"['Lymphocyte', 'Monocyte', 'Lymphocyte']"
00000824.jpg,"['IG', 'IG', 'Platelets']"
00000825.jpg,"['Basophil', 'Platelets', 'Monocyte']"
00000826.jpg,"['Platelets', 'Platelets', 'Eosinophil']"
00000827.jpg,"['Eosinophil', 'Lymphocyte', 'IG', 'Eosinophil', 'Erythroblast', 'Eosinophil']"
00000828.jpg,"['Lymphocyte', 'Erythroblast', 'Monocyte', 'Erythroblast', 'Basophil', 'Lymphocyte']"
00000829.jpg,"['Eosinophil', 'Eosinophil', 'Neutrophil', 'Monocyte', 'Lymphocyte', 'Erythroblast']"
00000830.jpg,"['Erythroblast', 'Lymphocyte', 'Erythroblast', 'Basophil']"
00000831.jpg,"['Erythroblast', 'Monocyte', 'Neutrophil', 'Neutrophil']"
00000832.jpg,"['Neutrophil', 'Lymphocyte', 'Platelets', 'Lymphocyte', 'Lymphocyte']"
00000833.jpg,"['IG', 'Erythroblast', 'Platelets', 'IG', 'Monocyte', 'IG']"
00000834.jpg,"['Eosinophil', 'Lymphocyte', 'Lymphocyte', 'Platelets', 'Basophil']"
00000835.jpg,"['Eosinophil', 'Basophil', 'Neutrophil', 'Monocyte', 'Platelets', 'Platelets']"
00000836.jpg,"['Platelets', 'Basophil', 'Platelets', 'IG', 'Neutrophil', 'Erythroblast']"
00000837.jpg,"['Lymphocyte', 'Basophil', 'Platelets']"
00000838.jpg,"['Eosinophil', 'Platelets', 'Monocyte', 'Platelets', 'Platelets']"
00000839.jpg,"['IG', 'Erythroblast', 'Eosinophil', 'Eosinophil', 'Erythroblast']"
00000840.jpg,"['Basophil', 'Platelets', 'Neutrophil']"
00000841.jpg,"['Erythroblast', 'Lymphocyte', 'Eosinophil', 'IG']"
00000842.jpg,"['Basophil', 'IG', 'Eosinophil', 'Basophil', 'Neutrophil', 'Erythroblast']"
00000843.jpg,"['Monocyte', 'Basophil', 'Basophil', 'Neutrophil']"
00000844.jpg,"['Neutrophil', 'IG', 'Monocyte', 'Basophil']"
00000845.jpg,"['Basophil', 'Erythroblast', 'Monocyte']"
00000846.jpg,"['Platelets', 'Eosinophil', 'Neutrophil', 'Erythroblast']"
00000847.jpg,"['Eosinophil', 'Lymphocyte', 'Platelets', 'IG']"
00000848.jpg,"['Eosinophil', 'Lymphocyte', 'Monocyte', 'Eosinophil', 'Platelets', 'Neutrophil']"
00000849.jpg,"['Monocyte', 'Eosinophil', 'Lymphocyte']"
00000850.jpg,"['Neutrophil', 'Erythroblast', 'IG', 'Erythroblast', 'Monocyte']"
00000851.jpg,"['Monocyte', 'Neutrophil', 'Lymphocyte', 'Eosinophil', 'Basophil', 'Erythroblast']"
00000852.jpg,"['Monocyte', 'Neutrophil', 'Eosinophil', 'IG', 'IG', 'Lymphocyte']"
00000853.jpg,"['Basophil', 'Erythroblast', 'Monocyte']"
00000854.jpg,"['Monocyte', 'Eosinophil', 'Monocyte', 'Lymphocyte']"
00000855.jpg,"['Basophil', 'Lymphocyte', 'Neutrophil']"
00000856.jpg,"['Lymphocyte', 'Neutrophil', 'Erythroblast', 'Basophil', 'Erythroblast']"
00000857.jpg,"['Basophil', 'Platelets', 'Eosinophil', 'IG', 'Platelets', 'Neutrophil']"
00000858.jpg,"['Basophil', 'Eosinophil', 'Neutrophil']"
00000859.jpg,"['Neutrophil', 'Monocyte', 'Lymphocyte']"
00000860.jpg,"['Monocyte', 'Neutrophil', 'Neutrophil']"
00000861.jpg,"['Lymphocyte', 'Platelets', 'Basophil', 'Neutrophil']"
00000862.jpg,"['Neutrophil', 'Monocyte', 'Neutrophil', 'Eosinophil']"
00000863.jpg,"['IG', 'Basophil', 'Lymphocyte', 'Platelets', 'Lymphocyte', 'Erythroblast']"
00000864.jpg,"['IG', 'IG', 'Monocyte', 'Eosinophil', 'Basophil', 'Lymphocyte']"
00000865.jpg,"['Eosinophil', 'Platelets', 'Neutrophil']"
00000866.jpg,"['Neutrophil', 'Monocyte', 'IG', 'Platelets', 'Lymphocyte', 'Lymphocyte']"
00000867.jpg,"['Erythroblast', 'Erythroblast', 'Erythroblast', 'IG']"
00000868.jpg,"['IG', 'Platelets', 'Basophil', 'Basophil']"
00000869.jpg,"['Lymphocyte', 'Basophil', 'IG', 'Basophil', 'Neutrophil']"
00000870.jpg,"['Lymphocyte', 'Eosinophil', 'Basophil', 'Monocyte', 'Basophil']"
00000871.jpg,"['Neutrophil', 'Neutrophil', 'Eosinophil']"
00000872.jpg,"['Platelets', 'Platelets', 'Neutrophil', 'Neutrophil']"
00000873.jpg,"['IG', 'Platelets', 'IG', 'Lymphocyte', 'Monocyte']"
00000874.jpg,"['Monocyte', 'Eosinophil', 'Neutrophil']"
00000875.jpg,"['IG', 'Erythroblast', 'Neutrophil']"
00000876.jpg,"['Eosinophil', 'Lymphocyte', 'IG', 'Erythroblast', 'Eosinophil', 'IG']"
00000877.jpg,"['Monocyte', 'Monocyte', 'Lymphocyte', 'Basophil', 'Erythroblast', 'Lymphocyte']"
00000878.jpg,"['IG', 'Platelets', 'Eosinophil']"
00000879.jpg,"['Erythroblast', 'Eosinophil', 'Platelets']"
00000880.jpg,"['Lymphocyte', 'Lymphocyte', 'Platelets', 'Basophil']"
00000881.jpg,"['Platelets', 'Platelets', 'Platelets', 'Neutrophil']"
00000882.jpg,"['Basophil', 'Lymphocyte', 'Basophil', 'Eosinophil']"
00000883.jpg,"['Monocyte', 'Eosinophil', 'Neutrophil']"
00000884.jpg,"['Neutrophil', 'Basophil', 'IG', 'Basophil']"
00000885.jpg,"['IG', 'Lymphocyte', 'Eosinophil', 'Lymphocyte', 'Platelets', 'Lymphocyte']"
00000886.jpg,"['Platelets', 'IG', 'Lymphocyte', 'Monocyte']"
00000887.jpg,"['Monocyte', 'Lymphocyte', 'IG', 'Neutrophil', 'Basophil', 'Basophil']"
00000888.jpg,"['Monocyte', 'Neutrophil', 'Erythroblast', 'Basophil', 'Platelets', 'IG']"
00000889.jpg,"['IG', 'Lymphocyte', 'Platelets', 'Eosinophil', 'Eosinophil']"
00000890.jpg,"['Platelets', 'Erythroblast', 'Basophil', 'Monocyte']"
00000891.jpg,"['IG', 'Basophil', 'Eosinophil', 'Platelets', 'Monocyte']"
00000892.jpg,"['Neutrophil', 'Monocyte', 'Lymphocyte', 'Erythroblast', 'Monocyte', 'Erythroblast']"
00000893.jpg,"['Eosinophil', 'Platelets', 'Neutrophil', 'Basophil', 'Neutrophil']"
00000894.jpg,"['Lymphocyte', 'IG', 'IG']"
00000895.jpg,"['IG', 'Basophil', 'IG', 'Platelets']"
00000896.jpg,"['Lymphocyte', 'IG', 'Lymphocyte', 'Eosinophil', 'Basophil']"
00000897.jpg,"['Erythroblast', 'Erythroblast', 'Monocyte']"
00000898.jpg,"['Platelets', 'Monocyte', 'Basophil', 'Eosinophil', 'Monocyte']"
00000899.jpg,"['Basophil', 'IG', 'IG', 'Monocyte']"
00000900.jpg,"['Erythroblast', 'Basophil', 'Platelets', 'Basophil']"
00000901.jpg,"['Monocyte', 'Neutrophil', 'Eosinophil', 'Basophil']"
00000902.jpg,"['Erythroblast', 'Neutrophil', 'Neutrophil']"
00000903.jpg,"['Eosinophil', 'IG', 'Lymphocyte', 'Eosinophil', 'IG']"
00000904.jpg,"['Monocyte', 'Platelets', 'Platelets', 'Basophil', 'Lymphocyte', 'Platelets']"
00000905.jpg,"['Monocyte', 'Erythroblast', 'Basophil', 'Monocyte']"
00000906.jpg,"['Platelets', 'Platelets', 'Monocyte', 'Platelets']"
00000907.jpg,"['Erythroblast', 'Neutrophil', 'Erythroblast', 'Eosinophil']"
00000908.jpg,"['Neutrophil', 'Monocyte', 'Erythroblast', 'IG', 'Monocyte']"
00000909.jpg,"['Platelets', 'Eosinophil', 'Monocyte']"
00000910.jpg,"['Lymphocyte', 'Monocyte', 'Erythroblast']"
00000911.jpg,"['Erythroblast', 'Neutrophil', 'Erythroblast', 'IG']"
00000912.jpg,"['Erythroblast', 'Erythroblast', 'Neutrophil', 'IG']"
00000913.jpg,"['Eosinophil', 'Platelets', 'Eosinophil']"
00000914.jpg,"['IG', 'Erythroblast', 'IG']"
00000915.jpg,"['Neutrophil', 'Neutrophil', 'IG', 'Basophil']"
00000916.jpg,"['Eosinophil', 'Monocyte', 'Lymphocyte', 'Neutrophil', 'Platelets']"
00000917.jpg,"['Basophil', 'Neutrophil', 'Erythroblast', 'Platelets', 'Monocyte', 'Lymphocyte']"
00000918.jpg,"['IG', 'Basophil', 'IG', 'Neutrophil']"
00000919.jpg,"['IG', 'Platelets', 'Basophil', 'Platelets']"
00000920.jpg,"['Monocyte', 'Platelets', 'Erythroblast', 'Platelets', 'Neutrophil']"
00000921.jpg,"['Platelets', 'Lymphocyte', 'Eosinophil']"
00000922.jpg,"['Eosinophil', 'Monocyte', 'Neutrophil']"
00000923.jpg,"['Basophil', 'Platelets', 'Monocyte']"
00000924.jpg,"['Platelets', 'Monocyte', 'Erythroblast']"
00000925.jpg,"['IG', 'Lymphocyte', 'Monocyte', 'Monocyte']"
00000926.jpg,"['Erythroblast', 'Erythroblast', 'Eosinophil', 'Platelets']"
00000927.jpg,"['Erythroblast', 'Neutrophil', 'Lymphocyte', 'Platelets', 'Platelets']"
00000928.jpg,"['Monocyte', 'Eosinophil', 'Monocyte', 'Eosinophil']"
00000929.jpg,"['Platelets', 'Platelets', 'Platelets']"
00000930.jpg,"['Basophil', 'Neutrophil', 'IG', 'Erythroblast']"
00000931.jpg,"['Eosinophil', 'Eosinophil', 'Eosinophil']"
00000932.jpg,"['Basophil', 'Lymphocyte', 'Monocyte', 'Neutrophil', 'Monocyte', 'Basophil']"
00000933.jpg,"['Basophil', 'Basophil', 'Monocyte', 'IG', 'Eosinophil', 'Neutrophil']"
00000934.jpg,"['Erythroblast', 'Eosinophil', 'IG', 'Basophil', 'Lymphocyte']"
00000935.jpg,"['Platelets', 'Platelets', 'Eosinophil', 'Basophil', 'Erythroblast']"
00000936.jpg,"['Erythroblast', 'Basophil', 'Platelets', 'Platelets', 'Lymphocyte']"
00000937.jpg,"['Platelets', 'Basophil', 'Monocyte', 'Lymphocyte', 'IG', 'Erythroblast']"
00000938.jpg,"['Erythroblast', 'Basophil', 'Eosinophil', 'Lymphocyte', 'Platelets']"
00000939.jpg,"['Lymphocyte', 'IG', 'IG', 'Erythroblast', 'IG']"
00000940.jpg,"['Eosinophil', 'Neutrophil', 'Monocyte', 'IG', 'Eosinophil', 'Basophil']"
00000941.jpg,"['Platelets', 'Basophil', 'Basophil']"
00000942.jpg,"['Monocyte', 'Monocyte', 'IG', 'Platelets', 'Eosinophil', 'Basophil']"
00000943.jpg,"['Lymphocyte', 'Lymphocyte', 'Erythroblast', 'Eosinophil', 'Erythroblast']"
00000944.jpg,"['Lymphocyte', 'Eosinophil', 'Eosinophil', 'Basophil', 'Eosinophil']"
00000945.jpg,"['Lymphocyte', 'Erythroblast', 'Eosinophil', 'Lymphocyte']"
00000946.jpg,"['Neutrophil', 'Basophil', 'Neutrophil', 'Lymphocyte', 'Platelets', 'Neutrophil']"
00000947.jpg,"['Basophil', 'IG', 'Erythroblast', 'Lymphocyte', 'Monocyte']"
00000948.jpg,"['Erythroblast', 'Neutrophil', 'Erythroblast', 'Neutrophil', 'Neutrophil']"
00000949.jpg,"['Monocyte', 'Erythroblast', 'Lymphocyte']"
00000950.jpg,"['Basophil', 'Platelets', 'Lymphocyte']"
00000951.jpg,"['Eosinophil', 'Basophil', 'Neutrophil', 'Platelets', 'Erythroblast', 'IG']"
00000952.jpg,"['Lymphocyte', 'Monocyte', 'Basophil', 'Eosinophil', 'Neutrophil', 'Erythroblast']"
00000953.jpg,"['Neutrophil', 'Basophil', 'IG', 'Erythroblast', 'IG']"
00000954.jpg,"['Platelets', 'Eosinophil', 'Eosinophil', 'Neutrophil', 'Eosinophil']"
00000955.jpg,"['Neutrophil', 'Monocyte', 'Neutrophil', 'Basophil', 'Platelets']"
00000956.jpg,"['Eosinophil', 'Platelets', 'IG', 'Basophil']"
00000957.jpg,"['Lymphocyte', 'Lymphocyte', 'Lymphocyte', 'Lymphocyte']"
00000958.jpg,"['Monocyte', 'Erythroblast', 'Monocyte', 'Platelets', 'IG']"
00000959.jpg,"['Monocyte', 'IG', 'Lymphocyte', 'Erythroblast']"
00000960.jpg,"['Lymphocyte', 'Erythroblast', 'Platelets']"
00000961.jpg,"['Eosinophil', 'Erythroblast', 'Platelets', 'IG', 'Monocyte', 'Basophil']"
00000962.jpg,"['Platelets', 'IG', 'Monocyte', 'Platelets']"
00000963.jpg,"['Neutrophil', 'Lymphocyte', 'Lymphocyte', 'Platelets']"
00000964.jpg,"['Lymphocyte', 'Platelets', 'IG', 'Basophil', 'Erythroblast', 'Lymphocyte']"
00000965.jpg,"['Platelets', 'Erythroblast', 'Monocyte', 'Basophil']"
00000966.jpg,"['Lymphocyte', 'Monocyte', 'IG', 'Erythroblast']"
00000967.jpg,"['Lymphocyte', 'Monocyte', 'Eosinophil', 'Lymphocyte', 'Neutrophil']"
00000968.jpg,"['Basophil', 'IG', 'Monocyte', 'Eosinophil', 'Erythroblast']"
00000969.jpg,"['Lymphocyte', 'Platelets', 'Basophil']"
00000970.jpg,"['Erythroblast', 'Neutrophil', 'Basophil', 'Neutrophil', 'Basophil', 'Neutrophil']"
00000971.jpg,"['IG', 'Platelets', 'IG']"
00000972.jpg,"['Erythroblast', 'Platelets', 'Basophil', 'Platelets', 'Platelets']"
00000973.jpg,"['Eosinophil', 'Monocyte', 'Lymphocyte', 'Monocyte', 'Monocyte', 'Erythroblast']"
00000974.jpg,"['Lymphocyte', 'Monocyte', 'IG', 'Monocyte', 'Monocyte', 'Erythroblast']"
00000975.jpg,"['Lymphocyte', 'Lymphocyte', 'Basophil', 'Neutrophil']"
00000976.jpg,"['Neutrophil', 'Monocyte', 'Erythroblast', 'Basophil']"
00000977.jpg,"['IG', 'Lymphocyte', 'Platelets']"
00000978.jpg,"['Erythroblast', 'Lymphocyte', 'Platelets', 'Platelets', 'Neutrophil']"
00000979.jpg,"['IG', 'Platelets', 'Platelets', 'Neutrophil', 'Platelets', 'IG']"
00000980.jpg,"['Lymphocyte', 'Platelets', 'Lymphocyte', 'Platelets']"
00000981.jpg,"['Lymphocyte', 'Neutrophil', 'Erythroblast', 'Erythroblast', 'Erythroblast']"
00000982.jpg,"['Lymphocyte', 'Monocyte', 'Eosinophil']"
00000983.jpg,"['Eosinophil', 'Neutrophil', 'Neutrophil', 'Eosinophil', 'IG']"
00000984.jpg,"['IG', 'Erythroblast', 'Neutrophil', 'Monocyte', 'Eosinophil', 'Platelets']"
00000985.jpg,"['Basophil', 'Eosinophil', 'Neutrophil']"
00000986.jpg,"['Monocyte', 'Platelets', 'Neutrophil', 'Monocyte', 'Platelets']"
00000987.jpg,"['Erythroblast', 'Neutrophil', 'Basophil']"
00000988.jpg,"['Basophil', 'Erythroblast', 'Monocyte', 'Monocyte', 'Platelets', 'Monocyte']"
00000989.jpg,"['Eosinophil', 'Basophil', 'Erythroblast', 'Erythroblast', 'Erythroblast']"
00000990.jpg,"['Monocyte', 'Neutrophil', 'Lymphocyte', 'IG', 'Lymphocyte']"
00000991.jpg,"['Neutrophil', 'Platelets', 'IG', 'Neutrophil', 'Monocyte']"
00000992.jpg,"['Eosinophil', 'IG', 'Lymphocyte', 'Neutrophil']"
00000993.jpg,"['Platelets', 'Neutrophil', 'Monocyte']"
00000994.jpg,"['IG', 'IG', 'Neutrophil']"
00000995.jpg,"['Monocyte', 'IG', 'Erythroblast', 'Eosinophil', 'Platelets']"
00000996.jpg,"['Lymphocyte', 'Monocyte', 'Lymphocyte']"
00000997.jpg,"['Eosinophil', 'IG', 'Eosinophil', 'Eosinophil', 'Platelets', 'IG']"
00000998.jpg,"['Monocyte', 'Platelets', 'IG']"
00000999.jpg,"['Lymphocyte', 'Basophil', 'Basophil', 'Basophil']"
00001000.jpg,"['Neutrophil', 'Erythroblast', 'Basophil']"
00001001.jpg,"['Neutrophil', 'IG', 'Eosinophil', 'Basophil', 'Platelets', 'Lymphocyte']"
00001002.jpg,"['Basophil', 'Erythroblast', 'Erythroblast']"
00001003.jpg,"['Erythroblast', 'IG', 'Basophil', 'Lymphocyte', 'Eosinophil', 'Eosinophil']"
00001004.jpg,"['Monocyte', 'Eosinophil', 'Neutrophil', 'Neutrophil']"
00001005.jpg,"['Neutrophil', 'Basophil', 'Monocyte', 'Basophil', 'Monocyte', 'Basophil']"
00001006.jpg,"['Eosinophil', 'Platelets', 'Neutrophil', 'Erythroblast', 'Platelets']"
00001007.jpg,"['Lymphocyte', 'IG', 'Platelets', 'Lymphocyte', 'Eosinophil', 'Neutrophil']"
00001008.jpg,"['IG', 'Erythroblast', 'Monocyte']"
00001009.jpg,"['Neutrophil', 'Basophil', 'Monocyte']"
00001010.jpg,"['Lymphocyte', 'IG', 'Platelets', 'Platelets', 'Neutrophil']"
00001011.jpg,"['Neutrophil', 'Platelets', 'Lymphocyte', 'Platelets']"
00001012.jpg,"['Eosinophil', 'Monocyte', 'Basophil', 'Lymphocyte', 'IG', 'Eosinophil']"
00001013.jpg,"['Eosinophil', 'Neutrophil', 'Neutrophil', 'Monocyte', 'Platelets']"
00001014.jpg,"['Monocyte', 'Monocyte', 'Platelets', 'Platelets']"
00001015.jpg,"['Neutrophil', 'Erythroblast', 'Lymphocyte', 'Basophil', 'Platelets']"
00001016.jpg,"['Neutrophil', 'IG', 'Neutrophil']"
00001017.jpg,"['Basophil', 'Lymphocyte', 'Basophil', 'Basophil', 'Monocyte', 'Eosinophil']"
00001018.jpg,"['Lymphocyte', 'Lymphocyte', 'Eosinophil', 'Platelets', 'Erythroblast', 'Erythroblast']"
00001019.jpg,"['Basophil', 'IG', 'Erythroblast']"
00001020.jpg,"['Basophil', 'Platelets', 'Eosinophil', 'Basophil', 'Platelets', 'Eosinophil']"
00001021.jpg,"['IG', 'Basophil', 'Monocyte', 'Erythroblast', 'Basophil', 'Eosinophil']"
00001022.jpg,"['Erythroblast', 'Erythroblast', 'Platelets', 'Monocyte', 'Erythroblast', 'IG']"
00001023.jpg,"['Eosinophil', 'Monocyte', 'Eosinophil']"
00001024.jpg,"['IG', 'Erythroblast', 'Lymphocyte', 'Monocyte', 'Eosinophil']"
00001025.jpg,"['Lymphocyte', 'Basophil', 'Lymphocyte']"
00001026.jpg,"['Basophil', 'Basophil', 'Basophil', 'Basophil']"
00001027.jpg,"['Neutrophil', 'Neutrophil', 'Erythroblast', 'Monocyte', 'Platelets']"
00001028.jpg,"['Basophil', 'Erythroblast', 'IG', 'Erythroblast']"
00001029.jpg,"['Eosinophil', 'Erythroblast', 'Neutrophil']"
00001030.jpg,"['Lymphocyte', 'Erythroblast', 'Basophil']"
00001031.jpg,"['IG', 'Monocyte', 'Eosinophil', 'Basophil', 'Monocyte']"
00001032.jpg,"['Eosinophil', 'Platelets', 'IG', 'Neutrophil', 'Neutrophil']"
00001033.jpg,"['Platelets', 'Eosinophil', 'Platelets', 'Erythroblast', 'Erythroblast']"
00001034.jpg,"['Neutrophil', 'Basophil', 'Neutrophil']"
00001035.jpg,"['Erythroblast', 'Eosinophil', 'Platelets', 'Erythroblast', 'Lymphocyte', 'Eosinophil']"
00001036.jpg,"['Eosinophil', 'Neutrophil', 'Eosinophil', 'Neutrophil', 'Monocyte', 'Platelets']"
00001037.jpg,"['Monocyte', 'Neutrophil', 'Basophil', 'Monocyte', 'Erythroblast', 'Eosinophil']"
00001038.jpg,"['Erythroblast', 'Eosinophil', 'Erythroblast', 'Basophil']"
00001039.jpg,"['Platelets', 'IG', 'Erythroblast', 'Basophil']"
00001040.jpg,"['Monocyte', 'IG', 'Neutrophil']"
00001041.jpg,"['Basophil', 'Erythroblast', 'Erythroblast', 'Platelets', 'Basophil']"
00001042.jpg,"['Erythroblast', 'Neutrophil', 'Neutrophil', 'Basophil']"
00001043.jpg,"['Eosinophil', 'Monocyte', 'Basophil']"
00001044.jpg,"['Eosinophil', 'Erythroblast', 'IG', 'Monocyte']"
00001045.jpg,"['Basophil', 'Lymphocyte', 'Monocyte', 'IG']"
00001046.jpg,"['IG', 'Basophil', 'Neutrophil']"
00001047.jpg,"['Basophil', 'Monocyte', 'Erythroblast', 'Neutrophil', 'Erythroblast']"
00001048.jpg,"['IG', 'Lymphocyte', 'Neutrophil', 'IG', 'Eosinophil', 'Eosinophil']"
00001049.jpg,"['Neutrophil', 'Erythroblast', 'Basophil', 'Lymphocyte', 'Platelets']"
00001050.jpg,"['IG', 'Lymphocyte', 'Eosinophil', 'Monocyte', 'Monocyte']"
00001051.jpg,"['Monocyte', 'Basophil', 'Platelets', 'Neutrophil', 'Lymphocyte']"
00001052.jpg,"['Lymphocyte', 'Platelets', 'Neutrophil']"
00001053.jpg,"['Basophil', 'Erythroblast', 'Neutrophil', 'Platelets']"
00001054.jpg,"['Erythroblast', 'Neutrophil', 'Neutrophil']"
00001055.jpg,"['Platelets', 'Basophil', 'Erythroblast', 'Erythroblast']"
00001056.jpg,"['Basophil', 'Monocyte', 'IG', 'Basophil', 'Basophil']"
00001057.jpg,"['Lymphocyte', 'IG', 'Erythroblast', 'Eosinophil']"
00001058.jpg,"['Neutrophil', 'Monocyte', 'IG', 'Erythroblast', 'Erythroblast']"
00001059.jpg,"['Monocyte', 'Neutrophil', 'Lymphocyte']"
00001060.jpg,"['Monocyte', 'Neutrophil', 'Erythroblast', 'Erythroblast', 'Platelets', 'Basophil']"
00001061.jpg,"['Monocyte', 'Basophil', 'IG', 'Eosinophil', 'Neutrophil', 'IG']"
00001062.jpg,"['Neutrophil', 'Monocyte', 'Platelets']"
00001063.jpg,"['Neutrophil', 'Basophil', 'Erythroblast', 'IG', 'Monocyte', 'Basophil']"
00001064.jpg,"['Neutrophil', 'Eosinophil', 'Basophil', 'Eosinophil', 'Erythroblast', 'Erythroblast']"
00001065.jpg,"['Basophil', 'Erythroblast', 'Neutrophil', 'Erythroblast', 'Lymphocyte', 'Basophil']"
00001066.jpg,"['Lymphocyte', 'Lymphocyte', 'Monocyte']"
00001067.jpg,"['Neutrophil', 'Neutrophil', 'Erythroblast', 'Erythroblast']"
00001068.jpg,"['Erythroblast', 'Lymphocyte', 'Platelets', 'IG', 'IG', 'Basophil']"
00001069.jpg,"['Platelets', 'Platelets', 'Platelets']"
00001070.jpg,"['Basophil', 'Lymphocyte', 'Basophil', 'Monocyte']"
00001071.jpg,"['Platelets', 'IG', 'Neutrophil', 'Erythroblast']"
00001072.jpg,"['Eosinophil', 'Erythroblast', 'Platelets', 'Basophil', 'Platelets', 'IG']"
00001073.jpg,"['Monocyte', 'Platelets', 'Basophil', 'Platelets', 'Monocyte']"
00001074.jpg,"['Platelets', 'Basophil', 'IG']"
00001075.jpg,"['Erythroblast', 'Monocyte', 'Eosinophil', 'Eosinophil', 'Eosinophil']"
00001076.jpg,"['Basophil', 'Basophil', 'Eosinophil', 'Eosinophil', 'Monocyte', 'Basophil']"
00001077.jpg,"['Basophil', 'Erythroblast', 'Platelets', 'Lymphocyte']"
00001078.jpg,"['Eosinophil', 'Lymphocyte', 'Monocyte', 'Platelets']"
00001079.jpg,"['Lymphocyte', 'Basophil', 'Lymphocyte', 'Eosinophil', 'Eosinophil', 'Neutrophil']"
00001080.jpg,"['Eosinophil', 'Neutrophil', 'Lymphocyte', 'Lymphocyte', 'Basophil', 'IG']"
00001081.jpg,"['Erythroblast', 'Lymphocyte', 'Eosinophil']"
00001082.jpg,"['Lymphocyte', 'Erythroblast', 'Monocyte', 'Lymphocyte', 'Monocyte', 'Neutrophil']"
00001083.jpg,"['Lymphocyte', 'Erythroblast', 'Erythroblast']"
00001084.jpg,"['Erythroblast', 'Neutrophil', 'Basophil', 'Platelets', 'Eosinophil', 'Basophil']"
00001085.jpg,"['Monocyte', 'Basophil', 'Erythroblast', 'Eosinophil', 'Basophil', 'Basophil']"
00001086.jpg,"['Basophil', 'Lymphocyte', 'Eosinophil', 'Basophil', 'Lymphocyte', 'Monocyte']"
00001087.jpg,"['IG', 'Platelets', 'IG', 'Platelets']"
00001088.jpg,"['Basophil', 'Platelets', 'Monocyte', 'Lymphocyte', 'Neutrophil', 'Erythroblast']"
00001089.jpg,"['Basophil', 'Lymphocyte', 'Monocyte', 'Lymphocyte', 'Basophil', 'Monocyte']"
00001090.jpg,"['Basophil', 'Neutrophil', 'Platelets', 'Basophil']"
00001091.jpg,"['Basophil', 'Lymphocyte', 'Basophil', 'Eosinophil', 'Erythroblast']"
00001092.jpg,"['Eosinophil', 'Basophil', 'Lymphocyte', 'Erythroblast', 'Erythroblast']"
00001093.jpg,"['Erythroblast', 'Eosinophil', 'Monocyte', 'IG', 'IG']"
00001094.jpg,"['Eosinophil', 'Neutrophil', 'Monocyte', 'Neutrophil', 'Erythroblast', 'Platelets']"
00001095.jpg,"['IG', 'Monocyte', 'Lymphocyte', 'Basophil', 'Erythroblast', 'Neutrophil']"
00001096.jpg,"['Basophil', 'Basophil', 'Basophil', 'Lymphocyte', 'Platelets', 'Eosinophil']"
00001097.jpg,"['Platelets', 'Monocyte', 'IG', 'Monocyte', 'Monocyte', 'Erythroblast']"
00001098.jpg,"['Platelets', 'IG', 'Lymphocyte', 'Basophil']"
00001099.jpg,"['Lymphocyte', 'Lymphocyte', 'Neutrophil', 'Eosinophil']"
00001100.jpg,"['Platelets', 'Basophil', 'Eosinophil', 'Monocyte']"
00001101.jpg,"['Monocyte', 'Neutrophil', 'Platelets', 'Basophil', 'Basophil', 'Monocyte']"
00001102.jpg,"['Eosinophil', 'Basophil', 'Lymphocyte', 'Basophil']"
00001103.jpg,"['Eosinophil', 'Basophil', 'Neutrophil', 'IG']"
00001104.jpg,"['Monocyte', 'Neutrophil', 'Lymphocyte', 'Platelets']"
00001105.jpg,"['Monocyte', 'Lymphocyte', 'IG', 'Monocyte', 'Platelets', 'Lymphocyte']"
00001106.jpg,"['Eosinophil', 'Eosinophil', 'Basophil', 'Lymphocyte', 'IG', 'Monocyte']"
00001107.jpg,"['IG', 'Platelets', 'Neutrophil']"
00001108.jpg,"['Neutrophil', 'Platelets', 'Erythroblast']"
00001109.jpg,"['Monocyte', 'Platelets', 'Monocyte', 'Basophil']"
00001110.jpg,"['IG', 'IG', 'Eosinophil', 'Lymphocyte', 'Basophil']"
00001111.jpg,"['IG', 'Neutrophil', 'Lymphocyte']"
00001112.jpg,"['Eosinophil', 'Eosinophil', 'Basophil', 'Monocyte', 'IG', 'Eosinophil']"
00001113.jpg,"['Platelets', 'Monocyte', 'Platelets']"
00001114.jpg,"['Lymphocyte', 'IG', 'Erythroblast']"
00001115.jpg,"['IG', 'Eosinophil', 'Neutrophil', 'Monocyte', 'Lymphocyte']"
00001116.jpg,"['Erythroblast', 'Eosinophil', 'Lymphocyte', 'Neutrophil', 'Erythroblast']"
00001117.jpg,"['Eosinophil', 'IG', 'Platelets']"
00001118.jpg,"['Basophil', 'Basophil', 'Platelets', 'IG', 'Neutrophil']"
00001119.jpg,"['Neutrophil', 'Eosinophil', 'IG', 'Monocyte', 'IG', 'Neutrophil']"
00001120.jpg,"['Lymphocyte', 'Eosinophil', 'Monocyte', 'Neutrophil', 'Erythroblast', 'Lymphocyte']"
00001121.jpg,"['Platelets', 'Erythroblast', 'Erythroblast', 'IG']"
00001122.jpg,"['Basophil', 'Lymphocyte', 'Neutrophil', 'Lymphocyte', 'Neutrophil', 'IG']"
00001123.jpg,"['Erythroblast', 'Erythroblast', 'Lymphocyte', 'Lymphocyte', 'Platelets', 'Neutrophil']"
00001124.jpg,"['Lymphocyte', 'Eosinophil', 'Monocyte', 'Eosinophil']"
00001125.jpg,"['Lymphocyte', 'Basophil', 'Lymphocyte', 'IG', 'Basophil', 'Monocyte']"
00001126.jpg,"['Monocyte', 'Basophil', 'Erythroblast', 'Erythroblast', 'Lymphocyte']"
00001127.jpg,"['Erythroblast', 'Eosinophil', 'Basophil', 'Neutrophil', 'Basophil', 'Basophil']"
00001128.jpg,"['Platelets', 'Platelets', 'Neutrophil', 'Eosinophil', 'Eosinophil']"
00001129.jpg,"['Erythroblast', 'Eosinophil', 'Lymphocyte', 'Platelets', 'Basophil']"
00001130.jpg,"['Neutrophil', 'Eosinophil', 'Platelets', 'Eosinophil']"
00001131.jpg,"['Neutrophil', 'Erythroblast', 'Neutrophil', 'Neutrophil', 'Neutrophil']"
00001132.jpg,"['Neutrophil', 'Lymphocyte', 'Basophil', 'Basophil']"
00001133.jpg,"['Erythroblast', 'Monocyte', 'Basophil', 'Monocyte']"
00001134.jpg,"['Platelets', 'IG', 'Eosinophil']"
00001135.jpg,"['Erythroblast', 'Lymphocyte', 'Lymphocyte']"
00001136.jpg,"['Neutrophil', 'Lymphocyte', 'Erythroblast']"
00001137.jpg,"['Erythroblast', 'Monocyte', 'Erythroblast', 'Eosinophil']"
00001138.jpg,"['Erythroblast', 'IG', 'IG', 'Eosinophil', 'Neutrophil']"
00001139.jpg,"['Basophil', 'Lymphocyte', 'Neutrophil', 'Neutrophil']"
00001140.jpg,"['IG', 'Lymphocyte', 'Erythroblast', 'Monocyte']"
00001141.jpg,"['Neutrophil', 'Monocyte', 'Eosinophil', 'IG', 'Basophil']"
00001142.jpg,"['Monocyte', 'Monocyte', 'Neutrophil']"
00001143.jpg,"['Neutrophil', 'Monocyte', 'IG', 'Monocyte', 'Platelets', 'IG']"
00001144.jpg,"['Lymphocyte', 'Lymphocyte', 'Erythroblast', 'Basophil']"
00001145.jpg,"['Platelets', 'Monocyte', 'IG', 'Basophil', 'Eosinophil']"
00001146.jpg,"['Neutrophil', 'IG', 'IG', 'IG']"
00001147.jpg,"['Neutrophil', 'Eosinophil', 'Basophil', 'Neutrophil']"
00001148.jpg,"['Monocyte', 'Neutrophil', 'Platelets', 'Basophil']"
00001149.jpg,"['Basophil', 'Platelets', 'Platelets', 'Monocyte', 'Erythroblast', 'Lymphocyte']"
00001150.jpg,"['Eosinophil', 'Monocyte', 'Erythroblast', 'Basophil']"
00001151.jpg,"['Neutrophil', 'Eosinophil', 'Neutrophil', 'Lymphocyte']"
00001152.jpg,"['IG', 'Eosinophil', 'Neutrophil', 'Lymphocyte']"
00001153.jpg,"['IG', 'Eosinophil', 'Platelets', 'Erythroblast', 'Neutrophil', 'Erythroblast']"
00001154.jpg,"['Erythroblast', 'Monocyte', 'Erythroblast']"
00001155.jpg,"['Monocyte', 'Eosinophil', 'Eosinophil', 'Monocyte', 'IG']"
00001156.jpg,"['IG', 'Eosinophil', 'Basophil', 'IG', 'Eosinophil']"
00001157.jpg,"['Monocyte', 'Platelets', 'Lymphocyte', 'Monocyte']"
00001158.jpg,"['Platelets', 'Monocyte', 'IG', 'Platelets', 'Erythroblast', 'Platelets']"
00001159.jpg,"['Monocyte', 'Lymphocyte', 'Lymphocyte', 'Monocyte']"
00001160.jpg,"['Lymphocyte', 'Platelets', 'Lymphocyte', 'IG', 'Platelets']"
00001161.jpg,"['Erythroblast', 'Basophil', 'Platelets', 'Platelets', 'Eosinophil']"
00001162.jpg,"['Neutrophil', 'Eosinophil', 'Platelets', 'Neutrophil', 'Erythroblast']"
00001163.jpg,"['Basophil', 'Eosinophil', 'Neutrophil', 'IG', 'Neutrophil']"
00001164.jpg,"['Neutrophil', 'Erythroblast', 'Neutrophil', 'IG']"
00001165.jpg,"['Erythroblast', 'Basophil', 'Platelets', 'IG']"
00001166.jpg,"['Neutrophil', 'Platelets', 'Monocyte', 'Basophil', 'Erythroblast']"
00001167.jpg,"['Neutrophil', 'Eosinophil', 'Eosinophil', 'Basophil', 'Erythroblast', 'Erythroblast']"
00001168.jpg,"['Neutrophil', 'Monocyte', 'Neutrophil', 'Eosinophil', 'Eosinophil', 'Lymphocyte']"
00001169.jpg,"['Basophil', 'Erythroblast', 'Neutrophil']"
00001170.jpg,"['Basophil', 'IG', 'Platelets']"
00001171.jpg,"['Eosinophil', 'Basophil', 'Neutrophil', 'Erythroblast', 'Erythroblast']"
00001172.jpg,"['IG', 'Platelets', 'Platelets']"
00001173.jpg,"['Platelets', 'Monocyte', 'Lymphocyte', 'Neutrophil', 'IG', 'Basophil']"
00001174.jpg,"['IG', 'Eosinophil', 'Neutrophil', 'Monocyte']"
00001175.jpg,"['Erythroblast', 'Neutrophil', 'Lymphocyte']"
00001176.jpg,"['Erythroblast', 'IG', 'Neutrophil', 'Basophil', 'Basophil', 'Neutrophil']"
00001177.jpg,"['Basophil', 'Lymphocyte', 'Neutrophil']"
00001178.jpg,"['Neutrophil', 'Neutrophil', 'Monocyte', 'IG', 'Erythroblast', 'Basophil']"
00001179.jpg,"['Basophil', 'Lymphocyte', 'Erythroblast', 'Platelets']"
00001180.jpg,"['Neutrophil', 'Neutrophil', 'Basophil', 'Platelets']"
00001181.jpg,"['Eosinophil', 'Monocyte', 'Lymphocyte', 'IG', 'IG']"
00001182.jpg,"['Erythroblast', 'Platelets', 'Platelets']"
00001183.jpg,"['Platelets', 'Monocyte', 'IG']"
00001184.jpg,"['Lymphocyte', 'Erythroblast', 'Neutrophil']"
00001185.jpg,"['Erythroblast', 'Erythroblast', 'Monocyte', 'Platelets', 'Eosinophil']"
00001186.jpg,"['Erythroblast', 'Basophil', 'Erythroblast', 'Erythroblast', 'Lymphocyte']"
00001187.jpg,"['IG', 'Monocyte', 'Platelets', 'Lymphocyte', 'Basophil', 'Monocyte']"
00001188.jpg,"['Eosinophil', 'Basophil', 'Eosinophil', 'Platelets']"
00001189.jpg,"['Eosinophil', 'Platelets', 'Eosinophil', 'Eosinophil', 'Erythroblast']"
00001190.jpg,"['Lymphocyte', 'Erythroblast', 'Eosinophil', 'Platelets', 'IG', 'Platelets']"
00001191.jpg,"['Basophil', 'Eosinophil', 'Basophil']"
00001192.jpg,"['Basophil', 'Lymphocyte', 'Lymphocyte', 'Platelets']"
00001193.jpg,"['Basophil', 'Monocyte', 'Neutrophil', 'Eosinophil', 'IG', 'Platelets']"
00001194.jpg,"['Basophil', 'Basophil', 'Monocyte', 'Lymphocyte']"
00001195.jpg,"['Basophil', 'Basophil', 'Lymphocyte', 'Eosinophil', 'Erythroblast']"
00001196.jpg,"['Lymphocyte', 'Eosinophil', 'Erythroblast']"
00001197.jpg,"['Lymphocyte', 'Platelets', 'Erythroblast', 'Monocyte', 'Eosinophil']"
00001198.jpg,"['Lymphocyte', 'Monocyte', 'Basophil', 'Eosinophil']"
00001199.jpg,"['IG', 'Monocyte', 'Neutrophil', 'Erythroblast']"
